100 DATAAARGH,ABACK,ABASE,ABASH,ABATE,ABAYA,ABBEY
101 DATAABBOT,ABEAM,ABELE,ABETS,ABHOR,ABIDE,ABLED,ABLER,ABODE
102 DATAABOON,ABORD,ABORE,ABORT,ABOUT,ABOVE,ABUNA,ABUNE,ABUSE,ABUTS,ABUZZ,ABYES
103 DATAABYSS,ACHED,ACHES,ACHOO,ACIDS,ACIDY,ACING,ACKEE,ACKER
104 DATAACNES,ACORN,ACRED,ACRES,ACRID,ACTED,ACTIN,ACTOR,ACUTE,ADAGE,ADAPT,ADAWS,ADAYS,ADDED,ADDER
105 DATAADDIO,ADDLE,ADEEM,ADEPT,ADHAN,ADIEU,ADIOS,ADMAN,ADMEN,ADMIN,ADMIT,ADMIX,ADOBE,ADOPT,ADORE,ADORN,ADOZE
106 DATAADUKI,ADULT,ADZED,ADZES,AEGIS,AEONS,AERIE
107 DATAAFARS,AFEAR,AFFIX,AFIRE,AFOOT,AFOUL,AFTER,AGAIN,AGAPE,AGARS,AGAST,AGATE,AGAVE,AGAZE
108 DATAAGENE,AGENT,AGERS,AGGER,AGGIE,AGILE,AGING,AGISM,AGIST
109 DATAAGLOW,AGOGE,AGONY,AGORA,AGREE,AGRIN,AGUED,AGUES,AGUTI,AHEAD
110 DATAAIDED,AIDER,AIDES,AIERY,AILED,AIMED,AIMER,AIOLI,AIRED,AIRER
111 DATAAISLE,AITCH,AKEES,ALACK
112 DATAALARM,ALAYS,ALBUM,ALDER
113 DATAALEPH,ALERT,ALEYE,ALGAE,ALGAL,ALGID,ALIAS,ALIBI,ALIEN,ALIGN
114 DATAALIKE,ALINE,ALIVE,ALLAY,ALLEE,ALLEY,ALLIS,ALLOT,ALLOW,ALLOY,ALLYL,ALMAH
115 DATAALOED,ALOES,ALOFT,ALOHA,ALOIN,ALONE,ALONG,ALOOF,ALOUD,ALPHA,ALTAR,ALTER,ALTHO
116 DATAALTOS,ALUMS,ALURE,ALWAY,AMASS,AMAZE,AMBER,AMBIT,AMBLE,AMBRY,AMEBA,AMEER,AMEND
117 DATAAMENE,AMENS,AMIAS,AMICI,AMIES,AMIGA,AMIGO,AMINO,AMIRS,AMISS,AMITY
118 DATAAMMON,AMMOS,AMNIA,AMONG,AMOUR,AMOVE,AMPED,AMPLE,AMPLY,AMPUL,AMRIT,AMUCK,AMUSE
119 DATAANANA,ANATA,ANCLE,ANGEL,ANGER,ANGLE,ANGLO,ANGRY,ANGST,ANILS,ANIMA
120 DATAANIME,ANION,ANISE,ANKER,ANKHS,ANKLE,ANNAL,ANNEX,ANNOY,ANNUL,ANODE,ANOMY
121 DATAANTES,ANTIC,ANTSY,ANVIL,ANYON,AORTA,APACE,APAGE,APART
122 DATAAPERY,APGAR,APHID,APIAN,APING,APISH,APNEA
123 DATAAPPLE,APPLY,APPRO,APPUI,APPUY,APRES,APRON,APSES,APTLY,AQUAE,AQUAS,ARAME
124 DATAARBOR,ARCED,ARCUS,ARDEB,ARDOR,AREAR,ARENA,AREPA,ARERE
125 DATAARGON,ARGOT,ARGUE,ARGUS,ARHAT,ARIAS,ARIEL,ARISE
126 DATAARKED,ARMED,ARMER,ARMET,ARMOR,ARNUT,AROMA,AROSE,ARRAY
127 DATAARROW,ARSED,ARSES,ARSEY,ARSON,ARTAL,ARTIC,ARTSY,ASCOT
128 DATAASDIC,ASHED,ASHEN,ASHES,ASIDE,ASKED,ASKER,ASKEW,ASPEN,ASPER,ASPIC,ASSAI,ASSAM,ASSAY
129 DATAASSES,ASSET,ASSEZ,ASTER,ASTIR,ATILT,ATLAS,ATMAN
130 DATAATOLL,ATOMS,ATOMY,ATONE,ATONY,ATTIC,AUDAD,AUDIO,AUDIT,AUGER,AUGHT,AUGUR
131 DATAAUNTS,AUNTY,AURAE,AURAL,AUTOS,AVAIL,AVALE
132 DATAAVANT,AVAST,AVELS,AVENS,AVERS,AVERT,AVGAS,AVIAN,AVOID,AVOWS,AWAIT,AWAKE,AWARD,AWARE
133 DATAAWASH,AWAYS,AWFUL,AWING,AWOKE,AWOLS,AWORK,AXELS,AXIAL
134 DATAAXIOM,AXION,AXLED,AXLES,AXMAN,AXMEN,AXONE,AXONS
135 DATAAZURE,BAALS,BABAS,BABEL,BABES
136 DATABABOO,BACKS,BACON,BADDY,BADGE,BADLY,BAELS,BAGEL,BAGGY
137 DATABAGIE,BAHTS,BAILS,BAIRN,BAITS,BAKED,BAKEN,BAKER,BAKES
138 DATABALDS,BALDY,BALED,BALER,BALES,BALKS,BALKY,BALLS,BALLY,BALMS,BALMY,BALOO,BALSA,BALTI,BAMBI,BANAL,BANCO
139 DATABANDS,BANDY,BANED,BANES,BANGS,BANJO,BANKS,BANNS,BANTU,BARBE,BARBS,BARBY,BARCA
140 DATABARDE,BARDS,BARED,BARER,BARES,BARFS,BARGE,BARKS,BARKY,BARMS,BARMY,BARNS,BARNY,BARON
141 DATABASAL,BASED,BASER,BASES,BASIC,BASIL,BASIN,BASIS,BASKS

143 DATABASSE,BASTE,BATCH,BATED,BATES,BATHE,BATHS,BATIK,BATON
144 DATABATTY,BAUKS,BAULK,BAWDY,BAWLS,BAYED,BAYES,BAYLE,BAYOU,BAZAR,BEACH
145 DATABEADS,BEADY,BEAKS,BEAKY,BEAMS,BEAMY,BEANO,BEANS,BEANY,BEARD,BEARS,BEAST,BEATS,BEATY,BEAUS,BEAUT,BEAUX,BEBOP
146 DATABEECH,BEEFS,BEEFY,BEEPS,BEERS,BEETS,BEFIT,BEFOG
147 DATABEGAN,BEGAR,BEGAT,BEGET,BEGIN,BEGOT,BEGUN,BEIGE,BEIGY,BEING,BELAY,BELCH
148 DATABELLE,BELLS,BELLY,BELOW,BELTS,BENCH,BENDS,BENDY,BENTO
149 DATABERGS,BERKS,BERMS,BERRY,BERTH,BERYL,BESAT,BESET
150 DATABESOM,BESOT,BESTS,BEVEL,BEVVY
151 DATABEZEL,BEZIL,BIBLE,BICEP,BIDDY,BIDED,BIDER
152 DATABIDES,BIFFS,BIGGY,BIGHT,BIGLY,BIGOT,BIJOU,BIKED
153 DATABIKER,BIKES,BILES,BILGE,BILKS,BILLS,BILLY,BIMAH,BIMBO,BINAL,BINDS
154 DATABINGE,BINGO,BINGS,BINGY,BIOME,BIOTA,BIPED,BIPOD,BIRCH,BIRDS,BIRKS
155 DATABIRTH,BISKS,BISON,BITCH,BITER,BITES,BITSY,BITTY,BIVVY
156 DATABLABS,BLACK,BLADE,BLAME,BLAND,BLANK,BLARE,BLASE,BLAST
157 DATABLAZE,BLEAK,BLEAT,BLEED,BLEEP,BLEND,BLERT,BLESS,BLEST
158 DATABLIMP,BLIMY,BLIND,BLING,BLINI,BLINY,BLISS,BLITZ,BLOAT,BLOBS,BLOCK,BLOCS
159 DATABLOGS,BLOKE,BLOND,BLOOD,BLOOM,BLOTS,BLOWN,BLOWS,BLOWY,BLUED,BLUER,BLUES,BLUET,BLUFF
160 DATABLUME,BLUNT,BLURB,BLURS,BLURT,BLUSH,BOARD,BOARS,BOATS,BOBBY
161 DATABOCHE,BODED,BODES,BODGE,BOEUF,BOFFO,BOGEY,BOGGY,BOGIE,BOGLE
162 DATABOGUS,BOILS,BOINK,BOLIX,BOLOS,BOLTS,BOLUS,BOUTS,BUMPS
163 DATABOMBS,BONDS,BONED,BONER,BONES,BONEY,BONGO,BONGS,BONKS,BONNY,BONUS,BOOBS,BOOBY
164 DATABOODY,BOOED,BOOGY,BOOKS,BOOMS,BOOMY,BOONS,BOORS,BOOST,BOOTH,BOOTS,BOOTY,BOOZE
165 DATABOOZY,BORAX,BORDS,BORED,BORER,BORES,BORON
166 DATABOSON,BOSSY,BOTCH,BOUGH
167 DATABOUND,BOURD,BOURG,BOURN,BOWED,BOWEL,BOWER,BOWES,BOWLS
168 DATABOXED,BOXER,BOXES,BOYED,BRACE,BRACK,BRAES
169 DATABRAGS,BRAID,BRAIL,BRAIN,BRAKE,BRAND,BRANS,BRASH,BRASS,BRATS,BRAVA,BRAVO
170 DATABRAWL,BRAWN,BRAYS,BREAD,BREAK,BREED
171 DATABRIAR,BRIBE,BRICK,BRIDE,BRIEF,BRIER,BRINE,BRING,BRINK
172 DATABRINY,BRISK,BRISS,BRITS,BROAD,BROGH,BROIL,BROKE
173 DATABROOD,BROOK,BROOM,BROTH,BROWN,BROWS,BRUNT,BRUSH
174 DATABRUSK,BRUTE,BUBBA,BUBBY,BUCKO,BUCKS,BUDDY,BUDGE
175 DATABUGGY,BUGLE,BUILD,BUILT,BULBS,BULGE,BULGY,BULKS
176 DATABULKY,BULLS,BULLY,BUMPY,BUNCH,BUNDS,BUNDT
177 DATABUNGS,BUNGY,BUNJY,BUNKO,BUNKS,BUNNY,BUNTS,BUOYS,BURBS,BURGH
178 DATABURGS,BURKA,BURKS,BURLY,BURNS,BURNT,BURPS,BURQA,BURRO,BURRS,BURSE,BURST,BUSED
179 DATABUSES,BUSHY,BUSKS,BUSTS,BUSTY,BUTCH,BUTES,BUTTE,BUTTS,BUXOM,BUYER,BUZZY
180 DATABYLAW,BYTES,BYWAY,CABAL,CABBY,CABIN,CABLE,CABOB
181 DATACACAO,CACHE,CACTI,CADDY,CADET,CADGY,CADIE,CADRE
182 DATACAGED,CAGER,CAGES,CAGEY,CAINS,CAIRN,CAKED,CAKES,CAKEY,CALFS,CALID,CALKS
183 DATACALLS,CALMS,CALVE,CAMEL,CAMEO,CAMPS,CAMPY
184 DATACAMUS,CANAL,CANDY,CANED,CANER,CANES,CANID,CANNA,CANNY,CANOE,CANON

186 DATACANST,CANTO,CANTS,CAPED,CAPER,CAPES,CAPON,CAPOS,CAPUT,CARAT,CARBO,
187 DATACARBS,CARDS,CARED,CARER,CARES,CARGO,CARLS,CAROL,
188 DATACARPS,CARRY,CARTA,CARTE,CARTS,CARVE,CASAS,CASED,CASES,CASKS,CASTE,CASTS,CATCH,CATER,
189 DATACATTY,CAUKS,CAULK,CAUSA,CAUSE,CAVED,CAVEL,CAVER,CAVES,CAVIL,CAWED,CAWKS,
190 DATACAXON,CEASE,CEDAR,CEDED,CEDER,CEDES,CELEB,CELLA,CELLO,CELLS,
191 DATACELTS,CENTS,CERES,
192 DATACHACO,CHADS,CHAFE,CHAFF,CHAIN,CHAIR,CHALK,CHAMP,
193 DATACHARD,CHARM,CHART,CHASM,
194 DATACHEAP,CHEAT,CHECK,CHEEK,CHEEP,CHEER,CHEFS,CHEMO,CHERT,CHESS,CHEST,CHEVY,CHEWS,CHEWY,
195 DATACHIAO,CHIAS,CHICA,CHICK,CHICO,CHIDE,CHIEF,CHILD,CHILE,CHILI,CHILL,CHIMB,CHIME,CHIMO,CHIMP,
196 DATACHINA,CHINK,CHINO,CHINS,CHIPS,CHIRP,CHITS,CHIVE,CHIVS,CHIVY,CHOCK,
197 DATACHOCO,CHOCS,CHOIR,CHOKE,CHOKO,CHOMP,CHOPS,CHORE,CHOSE,
198 DATACHOWS,CHUBS,CHUCK,CHUFF,CHUGS,CHUMP,CHUMS,CHUNK,CHURN,
199 DATACIAOS,CIDER,CIGGY,CILIA,CINCH,
200 DATACISSY,CISTS,CITAL,CITED,CITER,CITES,CIVET,CIVIC,CIVIE,CIVIL,CIVVY,CLACH,CLACK,CLADE,
201 DATACLADS,CLAIM,CLAMP,CLAMS,CLANG,CLANK,CLANS,CLAPS,CLAPT,CLASH,CLASP,CLASS,
202 DATACLAYS,CLEAN,CLEAR,CLEAT,CLEEK,CLEFS,CLEFT,CLERK,CLEVE,
203 DATACLICK,CLIFF,CLIMB,CLING,CLINK,CLIPS,CLOAK,CLOCK,CLODS,
204 DATACLOGS,CLOKE,CLOMP,CLONE,CLONK,CLOSE,CLOTH,CLOTS,CLOUD,CLOUT,CLOVE,CLOWN,
205 DATACLOWS,CLOZE,CLUBS,CLUCK,CLUED,CLUES,CLUMP,CLUNG,CLUNK,COACH,COALS,
206 DATACOAST,COATS,COBBS,COBLE,COBRA,COCKS,COCKY,COCOA,COCOS,CODAS,CODEC,CODED,
207 DATACODER,CODES,CODEX,CODON,COEDS,COFFS,COIFS,COILS,COINS,
208 DATACOKED,COKES,COLAS,COLBY,COLDS,COLIC,COLLY,COLON,COLOR,COLTS,COMAS,
209 DATACOMBE,COMBI,COMBO,COMBS,COMBY,COMER,COMES,COMET,COMFY,COMIC,COMIX,COMMA,COMMO,COMMS,COMPO,COMPS,
210 DATACONCH,CONDO,CONED,CONES,CONEY,CONGA,CONGE,CONGO,CONIC,CONKS,CONKY,
211 DATACOOCH,COOED,COOER,COOEY,COOKS,COOKY,COOLS,COOLY,COONS,COOPS,
212 DATACOPED,COPER,COPES,COPSE,CORAL,CORDS,CORED,CORER,COREY,CORGI,
213 DATACORKS,CORKY,CORNS,CORNY,CORPS,CORSE,COSEY,COSIE,COSTS,
214 DATACOUCH,COUGH,COULD,COUNT,COUPE,COUPS,COURS,COURT,COUTH,
215 DATACOVEN,COVES,COVEY,COWED,COWER,COWLS,COWRY,
216 DATACOYLY,COZEY,COZIE,CRABS,CRACK,CRAFT,CRAGS,CRAMS,CRANE,CRANK,
217 DATACRAPE,CRAPS,CRAPY,CRASH,CRASS,CRATE,CRAVE,CRAWL,CRAWS,CRAZE,CRAZY,CREAK,CREAM,CREDO,CREDS,CREED,CREEK,
218 DATACREEP,CREME,CREMS,CREPE,CREPT,CRESS,CREWS,CRIBS,CRICK,CRIED,CRIER,CRIES,CRIME,CRIMP,
219 DATACRISP,CRITS,CROAK,CROCK,CROCS,CROFT,CROME,CRONE,CRONY,CROOK,
220 DATACROON,CROPS,CROSS,CROWD,CROWN,CROWS,CRUDE,CRUDY,CRUEL,CRUMB,
221 DATACRUSH,CRUST,CRYPT,CUBBY,CUBED,CUBER,CUBES,CUBIC,CUBIT,CUDDY,
222 DATACUFFS,CULLS,CULTS,CUMIN,
223 DATACUNTS,CUPID,CUPPA,CURBS,CURCH,CURDS,CURDY,CURED,CURER,CURES,CURIA,CURIE,CURIO,CURLS,
224 DATACURLY,CURRY,CURSE,CURVE,CUSHY,CUTER,CUTEY,CUTIE,
225 DATACUTUP,CYANO,CYANS,CYBER,CYCAD,CYCLE,CRAMP,CLAWS,CARNY,CIGAR
226 DATACYNIC,CYSTS,CYTES,CZARS,DACHA,DADDY,DAFFY,DAILY,DAINE,DAIRY,DAISY,DALED,DALLY,

229 DATADAMES,DANCE,DANDY,DARED,DARER,DARES,
230 DATADARKY,DARTS,DATED,DATER,DATES,DATUM,DAUBE,DAUBS,
231 DATADAUNT,DAVIT,DAWNS,DAZED,
232 DATADEALS,DEALT,DEANS,DEARE,DEARS,DEARY,DEATH,DEBAR,DEBIT,
233 DATADEBTS,DEBUG,DEBUS,DEBUT,DECAF,DECAL,DECAY,DECKS,DECOR,DECOY,DECRY,DEEDS,
234 DATADEEMS,DEERE,DEERS,DEFER,DEFOG,DEIGN,
235 DATADEISM,DEIST,DEITY,DELAY,DELFT,DELLS,DELTA,DELVE,
236 DATADEMES,DEMOB,DEMON,DEMOS,DEMUR,DENAR,DENIM,DENSE,DENTS,DEOXY,DEPOT,DEPTH,
237 DATADERBY,DERIG,DERRY,DERTH,DESKS,DETER,DETOX,DEUCE,
238 DATADEVAS,DEVIL,DEWED,DHOTI,
239 DATADIALS,DIARY,DIBBS,DICED,DICER,DICES,DICEY,DICKS,DICKY,DICTA,
240 DATADIETS,DIGIT,DIKED,DIKER,DIKES,DIKEY,DILDO,DILLS,DILLY,DIMES,DIMLY,DINAR,
241 DATADINED,DINER,DINES,DINGO,DINGS,DINGY,DINKS,DINKY,DINNA,DINTS,DIODE,DIPPY,
242 DATADIRGE,DIRKE,DIRKS,DIRTY,DISCO,DISCS,DISHY,DISKS,DITCH,DITSY,DITTO,
243 DATADITTS,DITTY,DITZY,DIVAN,DIVAS,DIVED,DIVER,DIXIE,DIZZY,DJINN,
244 DATADOCKS,DODDY,DODGE,DODGY,DODOS,DOERS,DOFFS,DOGES,DOGEY,
245 DATADOGGY,DOGMA,DOILY,DOING,DOLCE,DOLED,DOLES,DOLLS,DOLLY,
246 DATADOMED,DOMES,DONER,DONGS,DONNA,DONOR,DONUT,
247 DATADOOMS,DOORS,DOOZY,DOPED,DOPER,DOPES,DOPEY,DORIC,
248 DATADORKS,DORKY,DORMS,DOSED,DOSER,DOTED,DOTES,DOTTY,
249 DATADOUBT,DOUGH,DOULA,DOUMA,DOUSE,DOVED,DOVES,DOVIE,DOWDY,
250 DATADOWEL,DOWER,DOWNS,DOWNY,DOWRY,DOWSE,DOXIE,DOYEN,DOZED,DOZEN,DOZER,
251 DATADOZES,DRABS,DRAFT,DRAGS,DRAIN,DRAKE,DRAMA,DRAMS,DRANK,DRAPE,DRAPS,DRATS,DRAWL,DRAWN,
252 DATADRAWS,DREAD,DREAM,DREAR,DRECK,DREGS,DRESS,DRIBS,DRIED,DRIER,DRIES,
253 DATADRIFT,DRILL,DRINK,DRIPS,DRIVE,DROID,DROLE,DROME,DRONE,DROOL,DROOP,
254 DATADROPS,DROSS,DROVE,DROWN,DRUBS,DRUGS,DRUID,DRUMS,DRUNK,DRYAD,DRYER,DRYLY,
255 DATADUALS,DUCAT,DUCHY,DUCKS,DUCKY,DUCTS,DUDES,DUELS,
256 DATADUMBO,DUMMY,DUMPS,DUMPY,
257 DATADUNCE,DUNES,DUPED,DUPER,DUPES,
258 DATADUSTS,DUSTY,DUTCH,DUVET,
259 DATADWARF,DWEEB,DWELL,DWELT,DYADS,DYERS,DYING,DYKES,
260 DATAEAGER,EAGLE,EARLS,EARLY,EARNS,EARTH,EASED,EASEL,EASES,EASLE,
261 DATAEATEN,EATER,EAVES,EBBED,EBONY,ECHOS,EDGED,EDGER,EDGES,
262 DATAEDICT,EDIFY,EDITS,
263 DATAEIGHT,EISEL,EJECT,ELATE,ELBOW,ELDER,ELECT,
264 DATAELEGY,ELFIN,ELITE,ELOPE,ELUDE,
265 DATAELVES,EMAIL,EMBED,EMBER,EMCEE,EMEER,EMEND,EMERY,EMEUS,EMIRS,EMITS,
266 DATAEMOTE,EMPTY,ENACT,ENDED,ENDOW,
267 DATAENEMA,ENEMY,ENFIX,ENJOY,ENNUI,ENSUE,ENTER,
268 DATAENTRY,ENURE,ENVOI,ENVOY,EORLS,EPHOD,EPHOR,EPICS,EPOCH,EPOXY,EPROM,
269 DATAEQUAL,EQUIP,ERASE,ERECT,ERODE,ERRED,ERROR,
270 DATAERUPT,ESSAY,

273 DATAEUROS,EVADE,EVENS,EVENT,EVERY,EVICT,EVILS,EVOKE,
274 DATAEXACT,EXALT,EXAMS,EXCEL,EXECS,EXERT,EXILE,EXIST,EXITS,EXPAT,
275 DATAEXPEL,EXTOL,EXTRA,EXUDE,EYING,FABLE,FACED,FACER,FACES,
276 DATAFACET,FACIA,FACTS,FADED,FADER,FADES,FAGOT,FAILS,FAINE,FAINS,FAINT,
277 DATAFAIRS,FAIRY,FAITH,FAKED,FAKER,FAKES,FAKIR,FALLS,FALSE,FAMED,FANCY,FANGS,
278 DATAFANNY,FARCE,FARED,FARES,FARMS,FARSE,FARTS,
279 DATAFASTS,FATAL,FATED,FATES,FATLY,FATSO,FATTY,FATWA,FAULT,FAUNA,FAUNS,
280 DATAFAVOR,FAWNS,FAXED,FAXES,FAZED,FAZES,FEALS,FEARE,FEARS,FEAST,FEATS,
281 DATAFECAL,FECES,FEEDS,FEELS,FEIGN,FEINT,FELLA,
282 DATAFELLS,FELON,FELTS,FEMME,FEMUR,FENCE,FENDS,FERAL,
283 DATAFERNS,FERRY,FESTS,FETAL,FETCH,FETED,FETID,
284 DATAFETUS,FEUDS,FEUED,FEVER,FEWER,FIATS,FIBER,FIBRE,FIBRO,
285 DATAFIELD,FIEND,FIERY,FIFER,FIFTH,FIFTY,
286 DATAFIGHT,FILCH,FILED,FILER,FILES,FILLE,FILLS,FILMS,FILMY,FILTH,
287 DATAFINAL,FINDS,FINED,FINER,FINIS,FINKS,FIORD,FIQUE,FIRED,FIRER,FIRES,FIRMS,
288 DATAFIRST,FIRTH,FISHY,FISTS,FISTY,FITLY,FIVER,FIVES,FIXED,FIXER,FIXES,FIXIT,FIZZY,
289 DATAFJORD,FLACK,FLAGS,FLAIL,FLAIR,FLAKE,FLAKS,FLAKY,FLAME,FLANK,FLAPS,FLARE,
290 DATAFLASH,FLASK,FLATS,FLAWS,FLAYS,FLEAS,FLECK,FLEES,FLEET,FLESH,
291 DATAFLICK,FLIER,FLIES,FLING,FLINT,FLIPS,FLIRT,FLITS,FLOAT,FLOCK,
292 DATAFLOGS,FLOOD,FLOOR,FLOPS,FLORA,FLOUR,FLOUT,FLOWN,FLOWS,FLUBS,FLUES,FLUEY,
293 DATAFLUFF,FLUID,FLUKE,FLUKY,FLUNG,FLUNK,FLUSH,FLUTE,FLUTY,FLYBY,FLYER,FOALS,FOAMS,
294 DATAFOAMY,FOCAL,FOCUS,FOILS,FOIST,FOLDS,FOLIO,FOLKS,
295 DATAFOLKY,FOLLY,FONDS,FONDU,FONTS,FOODS,FOODY,FOOLS,FORAY,FORCE,FORDS,
296 DATAFORGE,FORGO,FORKS,FORKY,FORMS,FORTE,FORTH,FORTS,FORTY,FORUM,
297 DATAFOUND,FOUNT,FOURS,FOUTH,FOWLS,FOXED,FOXES,FOYER,FOYLE,
298 DATAFRAIL,FRAME,FRANC,FRANK,FRAUD,FRAYS,FREAK,FREER,FREES,
299 DATAFREON,FRERE,FRESH,FRETS,FRIAR,FRIED,FRIER,FRIES,FRILL,FRISK,
300 DATAFRIZZ,FROCK,FROGS,FROND,FRONS,FRONT,FROSH,FROST,FROTH,FROWN,FROZE,
301 DATAFRUIT,FRUMP,FRYER,FUBAR,FUCKS,FUDDY,FUDGE,FUELS,FUGGY,
302 DATAFUGUE,FULLS,FULLY,FUMED,FUMER,FUMES,FUNDS,FUNGI,FUNKS,FUNKY,FUNNY,
303 DATAFURLS,FUROR,FURRY,FUSED,FUSES,FUSSY,FUTON,
304 DATAFUZED,FUZES,FUZZY,GABBY,GABLE,
305 DATAGAFFE,GAFFS,GAGED,GAGER,GAGES,GAILY,GAINS,GAITS,GALLS,
306 DATAGALOP,GAMED,GAMER,GAMES,GAMEY,GAMMA,GAMMY,GAMUT,
307 DATAGANGS,GANJA,GAOLS,GAPED,GAPER,GAPES,GARBE,
308 DATAGASES,GASPS,GASPY,GASSY,GATED,GATER,GATES,GATOR,GAUDY,GAUGE,
309 DATAGAUNT,GAUSS,GAVEL,GAWKS,GAWKY,GAWPS,GAYLY,
310 DATAGAZED,GAZER,GAZES,GEARS,GECKO,GEEKS,GEEKY,GEESE,GEIST,
311 DATAGENES,GENIE,
312 DATAGENRE,GENTS,GENUS,GEODE,GEOID,GERMY,GESTS,
313 DATAGETUP,GHOST,GHOUL,GIANT,

