A
ABACK,ABASE,ABATE,ABAYA,ABBEY,ABBOT,ABETS,ABHOR,ABIDE,ABODE,ABORT,ABOUT,ABOVE,ABUSE,ABUTS,ABYSS,ACHED,ACHES,ACIDS,ACING
ACKEE,ACORN,ACRES,ACRID,ACTED,ACTIN,ACTOR,ACUTE,ADAGE,ADAPT,ADDED,ADDER,ADDLE,ADEPT,ADIEU,ADIOS,ADITS,ADMAN,ADMIN,ADMIT
ADOBE,ADOBO,ADOPT,ADORE,ADORN,ADULT,ADZES,AEGIS,AEONS,AERIE,AFFIX,AFIRE,AFOOT,AFORE,AFTER,AGAIN,AGAPE,AGATE,AGAVE,AGENTAGGRO,AGILE,AGING,AGLOW,AGONY,AGORA,AGREE,AHEAD,AHOLD,AIDED,AIDER,AIDES,AILED,AIMED,AIMER,AIOLI,AIRED,AISLE,ALARM,ALBUM
ALDER,ALEPH,ALERT,ALGAE,ALGAL,ALIAS,ALIBI,ALIEN,ALIGN,ALIKE,ALIVE,ALKYD,ALKYL,ALLAY,ALLEY,ALLOT,ALLOW,ALLOY,ALLYL,ALOES
ALOFT,ALOHA,ALONE,ALONG,ALOOF,ALOUD,ALPHA,ALTAR,ALTER,ALTOS,ALUMS,AMASS,AMAZE,AMBER,AMBIT,AMBLE,AMBOS,AMEND,AMIDE,AMINE
AMINO,AMISS,AMITY,AMNIO,AMONG,AMOUR,AMPED,AMPLE,AMPLY,AMUSE,ANCHO,ANGEL,ANGER,ANGLE,ANGRY,ANGST,ANIMA,ANIME,ANION,ANISE
ANKLE,ANNAS,ANNEX,ANNOY,ANNUL,ANODE,ANOLE,ANTIC,ANTIS,ANTSY,ANVIL,AORTA,APACE,APART,APHID,APNEA,APPLE,APPLY,APRON,APSES
APTER,APTLY,AQUAS,ARBOR,ARDOR,AREAL,AREAS,ARECA,ARENA,ARGON,ARGOT,ARGUE,ARGUS,ARIAS,ARILS,ARISE,ARMED,ARMOR,AROMA,AROSE
ARRAY,ARROW,ARSES,ARSON,ARTSY,ASANA,ASCOT,ASHEN,ASHES,ASIDE,ASKED,ASKER,ASKEW,ASPEN,ASPIC,ASSAY,ASSES,ASSET,ASTER,ASTIR
ASURA,ATLAS,ATMAN,ATOLL,ATOMS,ATONE,ATOPY,ATTIC,AUDIO,AUDIT,AUGER,AUGHT,AUGUR,AUNTS,AUNTY,AURAL,AURAS,AUTOS,AUXIN,AVAIL
AVERS,AVERT,AVIAN,AVOID,AVOWS,AWAIT,AWAKE,AWARD,AWARE,AWASH,AWFUL,AWOKE,AXELS,AXIAL,AXILS,AXING,AXIOM,AXION,AXLES,AXONS
AZIDE,AZOLE,AZURE
B
BABEL,BABES,BABKA,BACKS,BACON,BADDY,BADGE,BADLY,BAGEL,BAGGY,BAILS,BAIRN,BAITS,BAIZE,BAKED,BAKER,BAKES,BALDY,BALED,BALER
BALES,BALKS,BALKY,BALLS,BALMS,BALMY,BALSA,BANAL,BANDS,BANDY,BANES,BANGS,BANJO,BANKS,BARBS,BARDS,BARED,BARER,BARES,BARGE
BARKS,BARMY,BARNS,BARON,BARRE,BASAL,BASED,BASER,BASES,BASIC,BASIL,BASIN,BASIS,BASKS,BASSO,BASSY,BASTE,BATCH,BATED,BATHE
BATHS,BATIK,BATON,BATTS,BATTY,BAWDY,BAWLS,BAYED,BAYOU,BEACH,BEADS,BEADY,BEAKS,BEAMS,BEAMY,BEANS,BEARD,BEARS,BEAST,BEATS
BEAUS,BEAUT,BEAUX,BEBOP,BECKS,BEECH,BEEFS,BEEFY,BEEPS,BEERS,BEERY,BEETS,BEFIT,BEGAN,BEGET,BEGIN,BEGUN,BEIGE,BEING,BELAY
BELCH,BELIE,BELLE,BELLS,BELLY,BELOW,BELTS,BENCH,BENDS,BENDY,BENTO,BENTS,BERET,BERGS,BERMS,BERRY,BERTH,BERYL,BESET,BESTS
BETAS,BETEL,BETTA,BEVEL,BEZEL,BHAJI,BIBLE,BICEP,BIDDY,BIDED,BIDES,BIDET,BIGHT,BIGOT,BIJOU,BIKED,BIKER,BIKES,BILES,BILGE
BILLS,BILLY,BIMBO,BINDI,BINDS,BINGE,BINGO,BIOME,BIOTA,BIPOD,BIRCH,BIRDS,BIRTH,BISON,BITCH,BITER,BITES,BITSY,BITTY,BLACK
BLADE,BLAME,BLAND,BLANK,BLARE,BLASE,BLAST,BLAZE,BLEAK,BLEAT,BLEBS,BLEED,BLEEP,BLEND,BLESS,BLIMP,BLIND,BLING,BLINI,BLINK
BLIPS,BLISS,BLITZ,BLOAT,BLOBS,BLOCK,BLOCS,BLOGS,BLOKE,BLOND,BLOOD,BLOOM,BLOOP,BLOTS,BLOWN,BLOWS,BLUED,BLUES,BLUEY,BLUFF
BLUNT,BLURB,BLURS,BLURT,BLUSH,BOARD,BOARS,BOAST,BOATS,BOBBY,BOCCE,BOCHE,BODED,BODES,BOFFO,BOGEY,BOGGY,BOGIE,BOGUS,BOILS
BOLAS,BOLES,BOLLS,BOLTS,BOLUS,BOMBE,BOMBS,BONDS,BONED,BONER,BONES,BONEY,BONGO,BONGS,BONKS,BONNY,BONUS,BOOBS,BOOBY,BOOED
BOOKS,BOOMS,BOOMY,BOONS,BOORS,BOOST,BOOTH,BOOTS,BOOTY,BOOZE,BOOZY,BOPPY,BORAX,BORED,BORER,BORES,BORIC,BORNE,BORON,BOSOM
BOSON,BOSSY,BOSUN,BOTCH,BOUGH,BOULE,BOUND,BOUTS,BOWED,BOWEL,BOWER,BOWLS,BOXED,BOXER,BOXES,BOYAR,BOYOS,BOZOS,BRACE,BRACT
BRADS,BRAGS,BRAID,BRAIN,BRAKE,BRAND,BRANS,BRASH,BRASS,BRATS,BRAVE,BRAVO,BRAWL,BRAWN,BRAYS,BRAZE,BREAD,BREAK,BREAM,BREED
BREWS,BRIAR,BRIBE,BRICK,BRIDE,BRIEF,BRIER,BRIGS,BRIMS,BRINE,BRING,BRINK,BRINY,BRISK,BRITS,BROAD,BROCH,BROIL,BROKE,BROME
BRONC,BROOD,BROOK,BROOM,BROTH,BROWN,BROWS,BRUIN,BRUIT,BRUNT,BRUSH,BRUTE,BUBBA,BUCKS,BUDDY,BUDGE,BUFFS,BUGGY,BUGLE,BUILD
BUILT,BULBS,BULGE,BULKS,BULKY,BULLA,BULLS,BULLY,BUMPS,BUMPY,BUNCH,BUNDS,BUNDT,BUNKS,BUNNY,BUNTS,BUOYS,BURBS,BURGS,BURKA
BURLY,BURNS,BURNT,BURPS,BURQA,BURRO,BURRS,BURSA,BURST,BUSED,BUSES,BUSHY,BUSTS,BUSTY,BUTCH,BUTTE,BUTTS,BUXOM,BUYER,BUZZY
BYLAW,BYRES,BYTES,BYWAY 
C
CABAL,CABBY,CABER,CABIN,CABLE,CACAO,CACHE,CACTI,CADDY,CADET,CADRE,CAFES,CAGED,CAGES,CAGEY,CAIRN,CAKED,CAKES,CAKEY,CALFS
CALIF,CALLA,CALLS,CALMS,CALVE,CALYX,CAMEL,CAMEO,CAMPO,CAMPS,CAMPY,CANAL,CANDY,CANED,CANES,CANID,CANNA,CANNY,CANOE,CANON
CANTO,CAPED,CAPER,CAPES,CAPON,CAPOS,CAPUT,CARAT,CARBO,CARBS,CARDS,CARED,CARER,CARES,CARGO,CAROB,CAROL,CAROM,CARPS,CARRY
CARTE,CARTS,CARVE,CASED,CASES,CASKS,CASTE,CASTS,CATCH,CATER,CATTY,CAULK,CAUSE,CAVED,CAVER,CAVES,CAVIL,CEASE,CECAL,CECUM
CEDAR,CEDED,CEDES,CEILI,CELEB,CELLO,CELLS,CELTS,CENTS,CHADS,CHAFE,CHAFF,CHAIN,CHAIR,CHALK,CHAMP,CHANA,CHANT,CHAOS,CHAPS
CHARD,CHARM,CHARS,CHART,CHASE,CHASM,CHATS,CHEAP,CHEAT,CHECK,CHEEK,CHEEP,CHEER,CHEFS,CHEMO,CHERT,CHESS,CHEST,CHEWS,CHEWY
CHICA,CHICK,CHICO,CHIDE,CHIEF,CHILD,CHILE,CHILI,CHILL,CHIME,CHIMP,CHINA,CHINE,CHING,CHINO,CHINS,CHIPS,CHIRP,CHITS,CHIVE
CHOCK,CHOIR,CHOKE,CHOMP,CHOPS,CHORD,CHORE,CHOSE,CHOWS,CHUBS,CHUCK,CHUFF,CHUGS,CHUMP,CHUMS,CHUNK,CHURN,CHUTE,CIDER,CIGAR
CINCH,CIRCA,CISCO,CITED,CITES,CIVET,CIVIC,CIVIL,CIVVY,CLACK,CLADE,CLAIM,CLAMP,CLAMS,CLANG,CLANK,CLANS,CLAPS,CLASH,CLASP
CLASS,CLAVE,CLAWS,CLAYS,CLEAN,CLEAR,CLEAT,CLEFS,CLEFT,CLERK,CLICK,CLIFF,CLIMB,CLIME,CLINE,CLING,CLINK,CLIPS,CLOAK,CLOCK
CLODS,CLOGS,CLOMP,CLONE,CLOSE,CLOTH,CLOTS,CLOUD,CLOUT,CLOVE,CLOWN,CLUBS,CLUCK,CLUED,CLUES,CLUMP,CLUNG,CLUNK,COACH,COALS
COAST,COATI,COATS,COBIA,COBRA,COCCI,COCKS,COCKY,COCOA,CODAS,CODEC,CODED,CODER,CODES,CODEX,CODON,COEDS,COHOS,COIFS,COILS
COINS,COKES,COLAS,COLDS,COLES,COLIC,COLIN,COLON,COLOR,COLTS,COMAS,COMBO,COMBS,COMER,COMES,COMET,COMFY,COMIC,COMMA,COMMO
COMPO,COMPS,COMTE,CONCH,CONDO,CONED,CONES,CONGA,CONGO,CONIC,CONKS,COOED,COOKS,COOLS,COOPS,COOPT,COPED,COPES,COPRA,COPSE
CORAL,CORDS,CORED,CORER,CORES,CORGI,CORKS,CORKY,CORMS,CORNS,CORNU,CORNY,CORPS,COSTS,COTTA,COUCH,COUGH,COULD,COUNT,COUPE
COUPS,COURT,COVEN,COVER,COVES,COVET,COVEY,COWED,COWER,COWLS,COYLY,CRABS,CRACK,CRAFT,CRAGS,CRAMP,CRAMS,CRANE,CRANK,CRAPE
CRAPS,CRASH,CRASS,CRATE,CRAVE,CRAWL,CRAWS,CRAZE,CRAZY,CREAK,CREAM,CREDO,CREED,CREEK,CREEL,CREEP,CREME,CREPE,CREPT,CRESS
CREST,CREWS,CRIBS,CRICK,CRIED,CRIER,CRIES,CRIME,CRIMP,CRISP,CRITS,CROAK,CROCK,CROCS,CROFT,CRONE,CRONY,CROOK,CROON,CROPS
CROSS,CROUP,CROWD,CROWN,CROWS,CRUDE,CRUEL,CRUET,CRUMB,CRUSE,CRUSH,CRUST,CRYPT,CUBBY,CUBED,CUBES,CUBIC,CUBIT,CUDDY,CUFFS
CULLS,CULPA,CULTS,CUMIN,CUPID,CUPPA,CURBS,CURDS,CURED,CURES,CURIA,CURIO,CURLS,CURLY,CURRY,CURSE,CURVE,CURVY,CUSHY,CUSPS
CUTER,CUTIE,CUTIS,CUTUP,CYCAD,CYCLE,CYCLO,CYNIC,CYSTS,CZARS
D
DACHA,DADDY,DADOS,DAFFY,DAILY,DAIRY,DAISY,DALES,DAMES,DAMNS,DAMPS,DANCE,DANDY,DARED,DARES,DARKS,DARNS,DARTS,DASHI,DATED
DATER,DATES,DATUM,DAUBS,DAUNT,DAVIT,DAWNS,DAZED,DEALS,DEALT,DEANS,DEARS,DEARY,DEATH,DEBIT,DEBTS,DEBUG,DEBUT,DECAF,DECAL
DECAY,DECKS,DECOR,DECOY,DECRY,DEEDS,DEEMS,DEEPS,DEERS,DEFER,DEIFY,DEIGN,DEISM,DEIST,DEITY,DEKES,DELAY,DELFT,DELIS,DELLS
DELTA,DELVE,DEMON,DEMOS,DEMUR,DENIM,DENSE,DENTS,DEPOT,DEPTH,DERBY,DESKS,DETER,DETOX,DEUCE,DEVIL,DEWAR,DHIKR,DHOWS,DIALS
DIARY,DICED,DICES,DICEY,DICKY,DICTA,DIETS,DIGIT,DIKED,DIKES,DILLS,DILLY,DIMER,DIMES,DIMLY,DINAR,DINED,DINER,DINES,DINGO
DINGS,DINGY,DINKS,DINKY,DINOS,DIODE,DIPPY,DIRER,DIRGE,DIRTY,DISCO,DISCS,DISHY,DISKS,DITCH,DITSY,DITTO,DITTY,DITZY,DIVAN
DIVAS,DIVED,DIVER,DIVES,DIVOT,DIVVY,DIZZY,DOCKS,DODGE,DODGY,DODOS,DOERS,DOFFS,DOGES,DOGGY,DOGMA,DOING,DOLED,DOLES,DOLLS
DOLLY,DOLOR,DOLTS,DOMED,DOMES,DONEE,DONGS,DONNA,DONOR,DONUT,DOOMS,DOOMY,DOORS,DOOZY,DOPED,DOPES,DOPEY,DORKS,DORKY,DORMS
DOSAS,DOSED,DOSES,DOTED,DOTES,DOTTY,DOUBT,DOUGH,DOULA,DOUSE,DOVES,DOWDY,DOWEL,DOWER,DOWNS,DOWNY,DOWRY,DOWSE,DOYEN,DOZED
DOZEN,DOZER,DOZES,DRABS,DRAFT,DRAGS,DRAIN,DRAKE,DRAMA,DRAMS,DRANK,DRAPE,DRAWL,DRAWN,DRAWS,DRAYS,DREAD,DREAM,DRECK,DREGS
DRESS,DRIBS,DRIED,DRIER,DRIES,DRIFT,DRILL,DRILY,DRINK,DRIPS,DRIVE,DROID,DROLL,DRONE,DROOL,DROOP,DROPS,DROSS,DROVE,DROWN
DRUGS,DRUID,DRUMS,DRUNK,DRUPE,DRYAD,DRYER,DRYLY,DUALS,DUCAL,DUCAT,DUCHY,DUCKS,DUCKY,DUCTS,DUDES,DUELS,DUETS,DUFFS,DUKES
DULLS,DULLY,DULSE,DUMBO,DUMMY,DUMPS,DUMPY,DUNCE,DUNES,DUNKS,DUOMO,DUPED,DUPES,DURAL,DURUM,DUSKS,DUSKY,DUSTS,DUSTY,DUTCH
DUVET,DWARF,DWEEB,DWELL,DWELT,DYADS,DYERS,DYING,DYKES,5 LETTER WORDS – 
E
EAGER,EAGLE,EARED,EARLS,EARLY,EARNS,EARTH,EASED,EASEL,EASER,EASES,EATEN,EATER,EAVES,EBBED,EBONY,EBOOK,ECHOS,ECLAT,EDEMA
EDGED,EDGER,EDGES,EDICT,EDIFY,EDITS,EEJIT,EERIE,EGGED,EGRET,EIDER,EIDOS,EIGHT,EJECT,EJIDO,ELAND,ELBOW,ELDER,ELECT,ELEGY
ELIDE,ELITE,ELOPE,ELUDE,ELUTE,ELVEN,ELVES,EMAIL,EMBED,EMBER,EMCEE,EMERY,EMIRS,EMITS,EMOTE,EMPTY,ENACT,ENDED,ENDOW,ENEMA
ENEMY,ENJOY,ENNUI,ENOKI,ENROL,ENSUE,ENTER,ENTRY,ENVOY,EOSIN,EPICS,EPOCH,EPOXY,EQUAL,EQUIP,ERASE,ERECT,ERGOT,ERODE,ERRED
ERROR,ERUPT,ESSAY,ETHER,ETHIC,ETHOS,ETHYL,ETUDE,EUROS,EVADE,EVENS,EVENT,EVERY,EVICT,EVILS,EVOKE,EWERS,EXACT,EXALT,EXAMS
EXCEL,EXECS,EXERT,EXILE,EXIST,EXITS,EXPAT,EXPEL,EXPOS,EXTOL,EXTRA,EXUDE,EXULT,EXURB,EYING,EYRIE
F
FABLE,FACED,FACER,FACES,FACET,FACIA,FACTS,FADED,FADER,FADES,FAERY,FAILS,FAINT,FAIRS,FAIRY,FAITH,FAKED,FAKER,FAKES,FAKIE
FAKIR,FALLS,FAMED,FANCY,FANGS,FANNY,FARCE,FARED,FARES,FARMS,FARTS,FASTS,FATAL,FATED,FATES,FATSO,FATTY,FATWA,FAULT,FAUNA
FAUNS,FAVAS,FAVES,FAVOR,FAWNS,FAXED,FAXES,FAZED,FAZES,FEARS,FEAST,FEATS,FECAL,FECES,FEEDS,FEELS,FEIGN,FEINT,FELLA,FELLS
FELON,FELTS,FEMME,FEMUR,FENCE,FENDS,FERAL,FERIA,FERNS,FERNY,FERRY,FESTS,FETAL,FETCH,FETED,FETES,FETID,FETUS,FEUDS,FEVER
FEWER,FIATS,FIBER,FIBRE,FICHE,FICUS,FIEFS,FIELD,FIEND,FIERY,FIFES,FIFTH,FIFTY,FIGHT,FILCH,FILED,FILER,FILES,FILET,FILLS
FILLY,FILMS,FILMY,FILTH,FINAL,FINCA,FINCH,FINDS,FINED,FINER,FINES,FINIS,FINKS,FIORD,FIRED,FIRES,FIRMS,FIRST,FISHY,FISTS
FITLY,FIVER,FIVES,FIXED,FIXER,FIXES,FIZZY,FJORD,FLACK,FLAGS,FLAIL,FLAIR,FLAKE,FLAKY,FLAME,FLANK,FLANS,FLAPS,FLARE,FLASH
FLASK,FLATS,FLAWS,FLAYS,FLEAS,FLECK,FLEES,FLEET,FLESH,FLICK,FLIER,FLIES,FLING,FLOAT,FLOOD,FLOOR,FLOUR,FLOWN,FLOWS,FLUID
FLYER,FOCAL,FOCUS,FOLKS,FONTS,FOODS,FORCE,FORMS,FORTH,FORTY,FORUM,FOUND,FRAME,FRAUD,FRESH,FRIED,FRIES,FRONT,FROST,FRUIT
FUELS,FULLY,FUNDS,FUNNY
G
GAINS,GAMES,GAMMA,GASES,GATES,GAUGE,GEARS,GENES,GENRE,GHOST,GIANT,GIFTS,GIRLS,GIVEN,GIVES,GLAND,GLASS,GLOBE,GLORY,GLOSS
GLOVE,GLUED,GOALS,GOATS,GOING,GOODS,GRACE,GRADE,GRAIN,GRAMS,GRAND,GRANT,GRAPE,GRAPH,GRASP,GRASS,GRAVE,GREAT,GREEK,GREEN
GREET,GRIEF,GRILL,GRIND,GRIPS,GROSS,GROUP,GROVE,GROWN,GROWS,GUARD,GUESS,GUEST,GUIDE,GUILD,GUILT
H
HABIT,HAIRS,HALLS,HANDS,HANDY,HANGS,HAPPY,HARSH,HATED,HATES,HAVEN,HAWKS,HEADS,HEARD,HEART,HEAVY,HEDGE,HEELS,HELLO,HELPS
HENCE,HERBS,HIGHS,HILLS,HINTS,HIRED,HOBBY,HOLDS,HOLES,HOLLY,HOMES,HONEY,HONOR,HOOKS,HOPED,HOPES,HORNS,HORSE,HOSTS,HOTEL
HOURS,HOUSE,HOVER,HUMAN,HUMOR,HURTS
5
ICONS,IDEAL,IDEAS,IDIOT,IMAGE,IMPLY,INBOX,INCUR,INDEX,INDIE,INNER,INPUT,INTRO,ISSUE,ITEMS,5 LETTER WORDS – J,JEANS,JELLY,JEWEL,JOINS,JOINT,JOKES,JUDGE,JUICE,JUICY,JUMPS
K
KEEPS,KICKS,KILLS,KINDA,KINDS,KINGS,KNEES,KNIFE,KNOCK,KNOTS,KNOWN,KNOWS

L,LABEL,LABOR,LACKS,LAKES,LAMPS,LANDS,LANES,LARGE,LASER,LASTS,LATER,LAUGH,LAYER,LEADS,LEAKS,LEARN,LEASE,LEAST,LEAVE,LEGAL,LEMON,LEVEL,LEVER,LIGHT,LIKED,LIKES,LIMBS,LIMIT,LINED,LINEN,LINER,LINES,LINKS,LIONS,LISTS,LIVED,LIVER,LIVES,LOADS,LOANS,LOBBY,LOCAL,LOCKS,LODGE,LOGIC,LOGOS,LOOKS,LOOPS,LOOSE,LORDS,LOSES,LOVED,LOVER,LOVES,LOWER,LOYAL,LUCKY,LUNAR,LUNCH,LUNGS,LYING,5 LETTER WORDS – M,MACRO,MAGIC,MAJOR,MAKER,MAKES,MALES,MAPLE,MARCH,MARKS,MARRY,MASKS,MATCH,MATES,MATHS,MATTE,MAYBE,MAYOR,MEALS,MEANS,MEANT,MEATS,MEDAL,MEDIA,MEETS,MELEE,MENUS,MERCY,MERGE,MERIT,MERRY,MESSY,METAL,METER,METRO,MICRO,MIDST,MIGHT,MILES,MINDS,MINES,MINOR,MINUS,MIXED,MIXER,MIXES,MODEL,MODEM,MODES,MOIST,MONEY,MONTH,MORAL,MOTOR,MOUNT,MOUSE,MOUTH,MOVED,MOVES,MOVIE,MUSIC,MYTHS,5 LETTER WORDS – N,NAILS,NAKED,NAMED,NAMES,NASAL,NASTY,NAVAL,NEEDS,NERVE,NEVER,NEWER,NEWLY,NEXUS,NICER,NICHE,NIGHT,NINJA,NINTH,NOBLE,NODES,NOISE,NOISY,NORMS,NORTH,NOTCH,NOTED,NOTES,NOVEL,NURSE,NYLON,5 LETTER WORDS – O,OASIS,OCCUR,OCEAN,OFFER,OFTEN,OLDER,OLIVE,OMEGA,ONION,ONSET,OPENS,OPERA,OPTED,OPTIC,ORBIT,ORDER,ORGAN,OTHER,OUGHT,OUNCE,OUTER,OWNED,OWNER,OXIDE,5 LETTER WORDS – P,PACKS,PAGES,PAINS,PAINT,PAIRS,PANEL,PANIC,PANTS,PAPER,PARKS,PARTS,PARTY,PASTA,PASTE,PATCH,PATHS,PATIO,PAUSE,PEACE,PEACH,PEAKS,PEARL,PEDAL,PEERS,PENIS,PENNY,PERKS,PESTS,PETTY,PHASE,PHONE,PHOTO,PIANO,PICKS,PIECE,PILES,PILLS,PILOT,PINCH,PIPES,PITCH,PIXEL,PIZZA,PLACE,PLAIN,PLANE,PLANS,PLANT,PLATE,PLAYS,PLAZA,PLOTS,PLUGS,POEMS,POINT,POKER,POLAR,POLES,POLLS,POOLS,PORCH,PORES,PORTS,POSED,POSES,POSTS,POUCH,POUND,POWER,PRESS,PRICE,PRIDE,PRIME,PRINT,PRIOR,PRIZE,PROBE,PROMO,PRONE,PROOF,PROPS,PROUD,PROVE,PROXY,PSALM,PULLS,PULSE,PUMPS,PUNCH,PUPIL,PUPPY,PURSE,5 LETTER WORDS – Q,QUEEN,QUERY,QUEST,QUEUE,QUICK,QUIET,QUILT,QUITE,QUOTE,5 LETTER WORDS – R,RACES,RACKS,RADAR,RADIO,RAILS,RAINY,RAISE,RALLY,RANCH,RANGE,RANKS,RAPID,RATED,RATES,RATIO,RAZOR,REACH,REACT,READS,READY,REALM,REBEL,REFER,REIGN,RELAX,RELAY,RENAL,RENEW,REPLY,RESET,RESIN,RETRO,RIDER,RIDES,RIDGE,RIFLE,RIGHT,RIGID,RINGS,RINSE,RISEN,RISES,RISKS,RISKY,RIVAL,RIVER,ROADS,ROBOT,ROCKS,ROCKY,ROGUE,ROLES,ROLLS,ROMAN,ROOMS,ROOTS,ROPES,ROSES,ROUGH,ROUND,ROUTE,ROYAL,RUGBY,RUINS,RULED,RULER,RULES,RURAL,5 LETTER WORDS – S,SADLY,SAFER,SALAD,SALES,SALON,SANDY,SATIN,SAUCE,SAVED,SAVES,SCALE,SCALP,SCANS,SCARE,SCARF,SCARY,SCENE,SCENT,SCOOP,SCOPE,SCORE,SCOUT,SCRAP,SCREW,SEALS,SEAMS,SEATS,SEEDS,SEEKS,SEEMS,SELLS,SENDS,SENSE,SERUM,SERVE,SETUP,SEVEN,SEWER,SHADE,SHAFT,SHAKE,SHALL,SHAME,SHAPE,SHARE,SHARK,SHARP,SHEEP,SHEER,SHEET,SHELF,SHELL,SHIFT,SHINE,SHINY,SHIPS,SHIRT,SHOCK,SHOES,SHOOK,SHOOT,SHOPS,SHORE,SHORT,SHOTS,SHOWN,SHOWS,SIDES,SIEGE,SIGHT,SIGMA,SIGNS,SILLY,SINCE,SITES,SIXTH,SIZED,SIZES,SKIES,SKILL,SKINS,SKIRT,SKULL,SLATE,SLAVE,SLEEK,SLEEP,SLEPT,SLICE,SLIDE,SLOPE,SLOTS,SMALL,SMART,SMELL,SMILE,SMOKE,SNACK,SNAKE,SNEAK,SOCKS,SOILS,SOLAR,SOLID,SOLVE,SONGS,SONIC,SORRY,SORTS,SOULS,SOUND,SOUTH,SPACE,SPARE,SPARK,SPEAK,SPECS,SPEED,SPELL,SPEND,SPENT,SPERM,SPICE,SPICY,SPIKE,SPINE,SPITE,SPLIT,SPOKE,SPOON,SPORT,SPOTS,SPRAY,SPURS,SQUAD,STACK,STAFF,STAGE,STAIN,STAKE,STAMP,STAND,STARK,STARS,START,STATE,STATS,STAYS,STEAK,STEAL,STEAM,STEEL,STEEP,STEER,STEMS,STEPS,STICK,STIFF,STILL,STOCK,STOLE,STONE,STOOD,STOOL,STOPS,STORE,STORM,STORY,STOVE,STRAP,STRAW,STRIP,STUCK,STUDY,STUFF,STYLE,SUCKS,SUGAR,SUITE,SUITS,SUNNY,SUPER,SURGE,SUSHI,SWEAR,SWEAT,SWEET,SWEPT,SWIFT,SWING,SWISS,SWORD,SYRUP,5 LETTER WORDS – T,TABLE,TAKEN,TAKES,TALES,TALKS,TANKS,TAPES,TASKS,TASTE,TASTY,TAXES,TEACH,TEAMS,TEARS,TEENS,TEETH,TELLS,TEMPO,TENDS,TENTH,TENTS,TERMS,TESTS,TEXTS,THANK,THEFT,THEIR,THEME,THERE,THESE,THICK,THIEF,THIGH,THING,THINK,THIRD,THOSE,THREE,THREW,THROW,THUMB,TIGER,TIGHT,TILES,TIMER,TIMES,TIRED,TIRES,TITLE,TOAST,TODAY,TOKEN,TONES,TOOLS,TOOTH,TOPIC,TORCH,TOTAL,TOUCH,TOUGH,TOURS,TOWEL,TOWER,TOWNS,TOXIC,TRACE,TRACK,TRACT,TRADE,TRAIL,TRAIN,TRAIT,TRANS,TRAPS,TRASH,TREAT,TREES,TREND,TRIAL,TRIBE,TRICK,TRIED,TRIES,TRIPS,TROUT,TRUCK,TRULY,TRUMP,TRUNK,TRUST,TRUTH,TUBES,TUMOR,TUNED,TUNES,TURBO,TURNS,TUTOR,TWEET,TWICE,TWINS,TWIST,TYPES,TYRES,5 LETTER WORDS – U,ULTRA,UNCLE,UNDER,UNION,UNITE,UNITS,UNITY,UNTIL,UPPER,UPSET,URBAN,URGED,URINE,USAGE,USERS,USING,USUAL,5 LETTER WORDS – V,VAGUE,VALID,VALUE,VALVE,VAPOR,VAULT,VEGAN,VEINS,VENTS,VENUE,VERSE,VIDEO,VIEWS,VILLA,VINYL,VIRAL,VIRUS,VISAS,VISIT,VITAL,VIVID,VOCAL,VODKA,VOICE,VOLTS,VOTED,VOTER,VOTES,5 LETTER WORDS – W,WAGES,WAGON,WAIST,WALKS,WALLS,WANTS,WARNS,WASTE,WATCH,WATER,WATTS,WAVES,WEARS,WEEDS,WEEKS,WEIGH,WEIRD,WELLS,WELSH,WHALE,WHEAT,WHEEL,WHERE,WHICH,WHILE,WHITE,WHOLE,WHOSE,WIDER,WIDOW,WIDTH,WINDS,WINES,WINGS,WIPED,WIRED,WIRES,WITCH,WIVES,WOMAN,WOMEN,WOODS,WORDS,WORKS,WORLD,WORMS,WORRY,WORSE,WORST,WORTH,WOULD,WOUND,WRATH,WRIST,WRITE,WRONG,WROTE,5 LETTER WORDS – Y, Z,YACHT,YARDS,YEARS,YEAST,YIELD,YOUNG,YOURS,YOUTH,YUMMY,ZONES,
