0 DIMW$(6):Z=RND(-(PEEK(9)*256+PEEK(10))):M=16384:GOTO10

7 R=(PEEK(17024)AND1)*256+PEEK(17025)-1+M:FORC2=1TOLEN(M$):C3=ASC(MID$(M$,C2)):POKER+C2,C3-(C3AND64):NEXT:?@R-M+C2,:RETURN

10 CLS0:RESTORE:PRINT@18,"   MICODLE":PRINT@50,"BY RICK ADAMS":PRINT@82," MC-10 JIM G."
12 PRINT@419,"abcdefghijklmnopqrstuvwxyz";:R=RND(2779):FORZ=1TOR:READM$:NEXT:W$=M$:FORZ=RTO2779:READM$:NEXT
14 FORY=0TO11STEP2:FORX=0TO14STEP3:PRINT@32*Y+X,"¡√¬";:PRINT@32*Y+X+32,"≈œ ";:NEXT:NEXT:G=1:GOTO60

20 RESTORE:FORZ=1TO2779:READM$:IFG$=M$THENM$="":RETURN
30 NEXT:M$="NOT FOUND":RETURN

40 G$="":Y=(G-1)*2+1:FORI=1TO15STEP3:PRINT@Y*32+I,"Ä";:NEXT:N=0:O=N*3+1:PRINT@Y*32+O,"ø";:T=0
41 C$=INKEY$:T=(T+1)AND255:IF(16ANDT)>0THENPRINT@Y*32+O,"Ä";:GOTO43
42 PRINT@Y*32+O,"ø";
43 IFC$=""THEN41
44 C=ASC(C$):IFC>=ASC("A")ANDC<=ASC("Z")ANDLEN(G$)<5THENG$=G$+C$
45 N=LEN(G$):O=N*3+1:IFC=8ANDN>0THENN=N-1:O=O-3:G$=LEFT$(G$,N):PRINT@Y*32+O,"Ä";:PRINT@Y*32+O+3,"Ä";
46 IFC=13THENPRINT@Y*32+O,"Ä";:RETURN
47 IFN>0THENPRINT@Y*32+O-3,RIGHT$(G$,1);
49 GOTO41

50 M$="YOU WON IN":PRINT@210,;:GOSUB7:M$=MID$(+STR$(G),2)+" GUESSES!":PRINT@242,;:GOSUB7:GOTO53
52 M$="THE WORD WAS":PRINT@211,;:GOSUB7:M$=CHR$(34)+W$+CHR$(34):PRINT@245,;:GOSUB7

53 PRINT@489,;:M$="PLAY AGAIN Y/N?":GOSUB7
54 C$=INKEY$:IFC$="Y"THEN10
55 ON-(C$<>"N")GOTO54:END
56 PRINT@146,;:GOSUB7:SOUND1,8:RETURN
57 PRINT@146,;:GOTO87

60 GOSUB40:IFN<5THENM$="INVALID":GOSUB56:GOSUB57:GOTO60
61 GOSUB20:IFM$<>""THENGOSUB56:GOSUB80:GOSUB57:IFM$="N"THEN60
62 FORI=1TO5:W$(I)=MID$(W$,I,1):NEXT:FORI=1TO5:Q$=MID$(G$,I,1):C=4:FORJ=1TO5:IFQ$=W$(J)THENGOSUB88:IFI=JTHENC=2:J=5
64 NEXT:X=(I-1)*3:Y=(G-1)*2:ONCGOSUB85,92,91,90:PRINT@32*Y+X+33,Q$;:R=419+ASC(Q$)-65
65 IFC=4ANDPEEK(R+M)<33THENPOKER+M,32:GOTO69
68 PRINT@R,Q$;
69 NEXT:IFG$=W$THEN50
70 IFG=6THEN52
71 G=G+1:GOTO60
80 PRINT@242,;:M$="OVERRIDE Y/N?":GOSUB7
81 M$=INKEY$
82 IFM$="Y"THENPRINT"o";:GOTO85
83 IFM$<>"N"THEN81
85 PRINT@242,;
87 PRINT"ÄÄÄÄÄÄÄÄÄÄÄÄÄ";:RETURN

88 C=3:W$(J)="":FORR=I+1TO5:IFQ$=MID$(G$,R,1)ANDJ=RTHENW$(J)=Q$:C=4:R=5
89 NEXT:RETURN

REM CYAN
90 PRINT@32*Y+X,"—”“";:PRINT@32*Y+X+32,"’J⁄";:RETURN
REM YELLOW
91 PRINT@32*Y+X,"ëìí";:PRINT@32*Y+X+32,"ïJö";:RETURN
REM GREEN
92 PRINT@32*Y+X,"ÅÉÇ";:PRINT@32*Y+X+32,"ÖJä";:RETURN

REM A
99 DATAABACK,ABASE,ABATE,ABAYA,ABBEY,ABBOT,ABETS,ABHOR,ABIDE,ABODE,ABORT,ABOUT,ABOVE,ABUSE,ABUTS,ABYSS,ACHED,ACHES,ACIDS,ACING
100 DATAACKEE,ACORN,ACRES,ACRID,ACTED,ACTIN,ACTOR,ACUTE,ADAGE,ADAPT,ADDED,ADDER,ADDLE,ADEPT,ADIEU,ADIOS,ADITS,ADMAN,ADMIN,ADMIT
101 DATAADOBE,ADOBO,ADOPT,ADORE,ADORN,ADULT,ADZES,AEGIS,AEONS,AERIE,AFFIX,AFIRE,AFOOT,AFORE,AFTER,AGAIN,AGAPE,AGATE,AGAVE,AGENT
102 DATAAGGRO,AGILE,AGING,AGLOW,AGONY,AGORA,AGREE,AHEAD,AHOLD,AIDED,AIDER,AIDES,AILED,AIMED,AIMER,AIOLI,AIRED,AISLE,ALARM,ALBUM
103 DATAALDER,ALEPH,ALERT,ALGAE,ALGAL,ALIAS,ALIBI,ALIEN,ALIGN,ALIKE,ALIVE,ALKYD,ALKYL,ALLAY,ALLEY,ALLOT,ALLOW,ALLOY,ALLYL,ALOES
104 DATAALOFT,ALOHA,ALONE,ALONG,ALOOF,ALOUD,ALPHA,ALTAR,ALTER,ALTOS,ALUMS,AMASS,AMAZE,AMBER,AMBIT,AMBLE,AMBOS,AMEND,AMIDE,AMINE
105 DATAAMINO,AMISS,AMITY,AMNIO,AMONG,AMOUR,AMPED,AMPLE,AMPLY,AMUSE,GOOSE,ANGEL,ANGER,ANGLE,ANGRY,ANGST,ANIMA,ANIME,ANION,ANISE
106 DATAANKLE,ANNAS,ANNEX,ANNOY,ANNUL,ANODE,ANOLE,ANTIC,ANTIS,ANTSY,ANVIL,AORTA,APACE,APART,APHID,APNEA,APPLE,APPLY,APRON,APSES
107 DATAAPTER,APTLY,AQUAS,ARBOR,ARDOR,AREAL,AREAS,ARECA,ARENA,ARGON,ARGOT,ARGUE,ARGUS,ARIAS,ARILS,ARISE,ARMED,ARMOR,AROMA,AROSE
108 DATAARRAY,ARROW,ARSES,ARSON,ARTSY,ASANA,ASCOT,ASHEN,ASHES,ASIDE,ASKED,ASKER,ASKEW,ASPEN,ASPIC,ASSAY,ASSES,ASSET,ASTER,ASTIR
109 DATAASURA,ATLAS,ATMAN,ATOLL,ATOMS,ATONE,ATOPY,ATTIC,AUDIO,AUDIT,AUGER,AUGHT,AUGUR,AUNTS,AUNTY,AURAL,AURAS,AUTOS,AUXIN,AVAIL
110 DATAAVERS,AVERT,AVIAN,AVOID,AVOWS,AWAIT,AWAKE,AWARD,AWARE,AWASH,AWFUL,AWOKE,AXELS,AXIAL,AXILS,AXING,AXIOM,AXION,AXLES,AXONS
111 DATAAZIDE,FUDGE,AZURE,AARGH,BYLAW,BYRES,BYTES,BYWAY,BLAHS,FUELS,FULLY,FUNDS,FUNNY,ISSUE,ITCHY,ITEMS,IVORY,IRATE,UTTER,UVULA
REM B
113 DATABABEL,BABES,BABKA,BACKS,BACON,BADDY,BADGE,BADLY,BAGEL,BAGGY,BAILS,BAIRN,BAITS,BAIZE,BAKED,BAKER,BAKES,BALDY,BALED,BALER
114 DATABALES,BALKS,BALKY,BALLS,BALMS,BALMY,BALSA,BANAL,BANDS,BANDY,BANES,BANGS,BANJO,BANKS,BARBS,BARDS,BARED,BARER,BARES,BARGE
115 DATABARKS,BARMY,BARNS,BARON,BARRE,BASAL,BASED,BASER,BASES,BASIC,BASIL,BASIN,BASIS,BASKS,BASSO,BASSY,BASTE,BATCH,BATED,BATHE
116 DATABATHS,BATIK,BATON,BATTS,BATTY,BAWDY,BAWLS,BAYED,BAYOU,BEACH,BEADS,BEADY,BEAKS,BEAMS,BEAMY,BEANS,BEARD,BEARS,BEAST,BEATS
117 DATABEAUS,BEAUT,BEAUX,BEBOP,BECKS,BEECH,BEEFS,BEEFY,BEEPS,BEERS,BEERY,BEETS,BEFIT,BEGAN,BEGET,BEGIN,BEGUN,BEIGE,BEING,BELAY
118 DATABELCH,BELIE,BELLE,BELLS,BELLY,BELOW,BELTS,BENCH,BENDS,BENDY,BENTO,BENTS,BERET,BERGS,BERMS,BERRY,BERTH,BERYL,BESET,BESTS
119 DATABETAS,BETEL,BETTA,BEVEL,BEZEL,MOOSE,BIBLE,BICEP,BIDDY,BIDED,BIDES,BIDET,BIGHT,BIGOT,BIJOU,BIKED,BIKER,BIKES,BILES,BILGE
120 DATABILLS,BILLY,BIMBO,BINDI,BINDS,BINGE,BINGO,BIOME,BIOTA,BIPOD,BIRCH,BIRDS,BIRTH,BISON,BITCH,BITER,BITES,BITSY,BITTY,BLACK
121 DATABLADE,BLAME,BLAND,BLANK,BLARE,BLASE,BLAST,BLAZE,BLEAK,BLEAT,BLEBS,BLEED,BLEEP,BLEND,BLESS,BLIMP,BLIND,BLING,BLINI,BLINK
122 DATABLIPS,BLISS,BLITZ,BLOAT,BLOBS,BLOCK,BLOCS,BLOGS,BLOKE,BLOND,BLOOD,BLOOM,BLOOP,BLOTS,BLOWN,BLOWS,BLUED,BLUES,BLUEY,BLUFF
123 DATABLUNT,BLURB,BLURS,BLURT,BLUSH,BOARD,BOARS,BOAST,BOATS,BOBBY,BOCCE,BOCHE,BODED,BODES,BOFFO,BOGEY,BOGGY,BOGIE,BOGUS,BOILS
124 DATABOLAS,BOLES,BOLLS,BOLTS,BOLUS,BOMBE,BOMBS,BONDS,BONED,BONER,BONES,BONEY,BONGO,BONGS,BONKS,BONNY,BONUS,BOOBS,BOOBY,BOOED
125 DATABOOKS,BOOMS,BOOMY,BOONS,BOORS,BOOST,BOOTH,BOOTS,BOOTY,BOOZE,BOOZY,BOPPY,BORAX,BORED,BORER,BORES,BORIC,BORNE,BORON,BOSOM
126 DATABOSON,BOSSY,BOSUN,BOTCH,BOUGH,BOULE,BOUND,BOUTS,BOWED,BOWEL,BOWER,BOWLS,BOXED,BOXER,BOXES,POPPY,BOYOS,BOZOS,BRACE,BRACT
127 DATABRADS,BRAGS,BRAID,BRAIN,BRAKE,BRAND,BRANS,BRASH,BRASS,BRATS,BRAVE,BRAVO,BRAWL,BRAWN,BRAYS,BRAZE,BREAD,BREAK,BREAM,BREED
128 DATABREWS,BRIAR,BRIBE,BRICK,BRIDE,BRIEF,BRIER,BRIGS,BRIMS,BRINE,BRING,BRINK,BRINY,BRISK,BRITS,BROAD,BROCH,BROIL,BROKE,BROME
129 DATABRONC,BROOD,BROOK,BROOM,BROTH,BROWN,BROWS,BRUIN,BRUIT,BRUNT,BRUSH,BRUTE,BUBBA,BUCKS,BUDDY,BUDGE,BUFFS,BUGGY,BUGLE,BUILD
130 DATABUILT,BULBS,BULGE,BULKS,BULKY,BULLA,BULLS,BULLY,BUMPS,BUMPY,BUNCH,BUNDS,BUNDT,BUNKS,BUNNY,BUNTS,BUOYS,BURBS,BURGS,BURKA
131 DATABURLY,BURNS,BURNT,BURPS,BURQA,BURRO,BURRS,BURSA,BURST,BUSED,BUSES,BUSHY,BUSTS,BUSTY,BUTCH,BUTTE,BUTTS,BUXOM,BUYER,BUZZY
REM C
134 DATACABAL,CABBY,CABER,CABIN,CABLE,CACAO,CACHE,CACTI,CADDY,CADET,CADRE,CAFES,CAGED,CAGES,CAGEY,CAIRN,CAKED,CAKES,CAKEY,CALFS
135 DATACALIF,CALLA,CALLS,CALMS,CALVE,CALYX,CAMEL,CAMEO,CAMPO,CAMPS,CAMPY,CANAL,CANDY,CANED,CANES,CANID,CANNA,CANNY,CANOE,CANON
136 DATACANTO,CAPED,CAPER,CAPES,CAPON,CAPOS,CAPUT,CARAT,CARBO,CARBS,CARDS,CARED,CARER,CARES,CARGO,CAROB,CAROL,CAROM,CARPS,CARRY
137 DATACARTE,CARTS,CARVE,CASED,CASES,CASKS,CASTE,CASTS,CATCH,CATER,CATTY,CAULK,CAUSE,CAVED,CAVER,CAVES,CAVIL,CEASE,CECAL,CECUM
138 DATACEDAR,CEDED,CEDES,CEILI,CELEB,CELLO,CELLS,CELTS,CENTS,CHADS,CHAFE,CHAFF,CHAIN,CHAIR,CHALK,CHAMP,CHANA,CHANT,CHAOS,CHAPS
139 DATACHARD,CHARM,CHARS,CHART,CHASE,CHASM,CHATS,CHEAP,CHEAT,CHECK,CHEEK,CHEEP,CHEER,CHEFS,CHEMO,CHERT,CHESS,CHEST,CHEWS,CHEWY
140 DATACHICA,CHICK,CHICO,CHIDE,CHIEF,CHILD,CHILE,CHILI,CHILL,CHIME,CHIMP,CHINA,LADLE,CHING,CHINO,CHINS,CHIPS,CHIRP,CHITS,CHIVE
141 DATACHOCK,CHOIR,CHOKE,CHOMP,CHOPS,CHORD,CHORE,CHOSE,CHOWS,CHUBS,CHUCK,CHUFF,CHUGS,CHUMP,CHUMS,CHUNK,CHURN,CHUTE,CIDER,CIGAR
142 DATACINCH,CIRCA,CISCO,CITED,CITES,CIVET,CIVIC,CIVIL,CIVVY,CLACK,CLADE,CLAIM,CLAMP,CLAMS,CLANG,CLANK,CLANS,CLAPS,CLASH,CLASP
143 DATACLASS,CLAVE,CLAWS,CLAYS,CLEAN,CLEAR,CLEAT,CLEFS,CLEFT,CLERK,CLICK,CLIFF,CLIMB,CLIME,CLINE,CLING,CLINK,CLIPS,CLOAK,CLOCK
144 DATACLODS,CLOGS,CLOMP,CLONE,CLOSE,CLOTH,CLOTS,CLOUD,CLOUT,CLOVE,CLOWN,CLUBS,CLUCK,CLUED,CLUES,CLUMP,CLUNG,CLUNK,COACH,COALS
145 DATACOAST,COATI,COATS,COBIA,COBRA,COCCI,COCKS,COCKY,COCOA,CODAS,CODEC,CODED,CODER,CODES,CODEX,CODON,COEDS,COHOS,COIFS,COILS
146 DATACOINS,COKES,COLAS,COLDS,COLES,COLIC,COLIN,COLON,COLOR,COLTS,COMAS,COMBO,COMBS,COMER,COMES,COMET,COMFY,COMIC,COMMA,COMMO
147 DATACOMPO,COMPS,COMTE,CONCH,CONDO,CONED,CONES,CONGA,CONGO,CONIC,CONKS,COOED,COOKS,COOLS,COOPS,COOPT,COPED,COPES,COPRA,COPSE
148 DATACORAL,CORDS,CORED,CORER,CORES,CORGI,CORKS,CORKY,CORMS,CORNS,CORNU,CORNY,CORPS,COSTS,COTTA,COUCH,COUGH,COULD,COUNT,COUPE
149 DATACOUPS,COURT,COVEN,COVER,COVES,COVET,COVEY,COWED,COWER,COWLS,COYLY,CRABS,CRACK,CRAFT,CRAGS,CRAMP,CRAMS,CRANE,CRANK,CRAPE
150 DATACRAPS,CRASH,CRASS,CRATE,CRAVE,CRAWL,CRAWS,CRAZE,CRAZY,CREAK,CREAM,CREDO,CREED,CREEK,CREEL,CREEP,CREME,CREPE,CREPT,CRESS
151 DATACREST,CREWS,CRIBS,CRICK,CRIED,CRIER,CRIES,CRIME,CRIMP,CRISP,CRITS,CROAK,CROCK,CROCS,CROFT,CRONE,CRONY,CROOK,CROON,CROPS
152 DATACROSS,CROUP,CROWD,CROWN,CROWS,CRUDE,CRUEL,CRUET,CRUMB,CRUSE,CRUSH,CRUST,CRYPT,CUBBY,CUBED,CUBES,CUBIC,CUBIT,CUDDY,CUFFS
153 DATACULLS,CULPA,CULTS,CUMIN,CUPID,CUPPA,CURBS,CURDS,CURED,CURES,CURIA,CURIO,CURLS,CURLY,CURRY,CURSE,CURVE,CURVY,CUSHY,CUSPS
154 DATACUTER,CUTIE,CUTIS,CUTUP,CYCAD,CYCLE,CYCLO,CYNIC,CYSTS,CZARS,CENTU,CRAIC,DUVET,DWARF,DWEEB,DWELL,DWELT,DYADS,DYERS,DYING
REM D
156 DATADACHA,DADDY,DADOS,DAFFY,DAILY,DAIRY,DAISY,DALES,DAMES,DAMNS,DAMPS,DANCE,DANDY,DARED,DARES,DARKS,DARNS,DARTS,DASHI,DATED
157 DATADATER,DATES,DATUM,DAUBS,DAUNT,DAVIT,DAWNS,DAZED,DEALS,DEALT,DEANS,DEARS,DEARY,DEATH,DEBIT,DEBTS,DEBUG,DEBUT,DECAF,DECAL
158 DATADECAY,DECKS,DECOR,DECOY,DECRY,DEEDS,DEEMS,DEEPS,DEERS,DEFER,DEIFY,DEIGN,DEISM,DEIST,DEITY,DEKES,DELAY,DELFT,DELIS,DELLS
159 DATADELTA,DELVE,DEMON,DEMOS,DEMUR,DENIM,DENSE,DENTS,DEPOT,DEPTH,DERBY,DESKS,DETER,DETOX,DEUCE,DEVIL,ENVOI,EMBUE,DHOWS,DIALS
160 DATADIARY,DICED,DICES,DICEY,DICKY,DICTA,DIETS,DIGIT,DIKED,DIKES,DILLS,DILLY,DIMER,DIMES,DIMLY,DINAR,DINED,DINER,DINES,DINGO
161 DATADINGS,DINGY,DINKS,DINKY,DINOS,DIODE,DIPPY,DIRER,DIRGE,DIRTY,DISCO,DISCS,DISHY,DISKS,DITCH,DITSY,DITTO,DITTY,DITZY,DIVAN
162 DATADIVAS,DIVED,DIVER,DIVES,DIVOT,DIVVY,DIZZY,DOCKS,DODGE,DODGY,DODOS,DOERS,DOFFS,DOGES,DOGGY,DOGMA,DOING,DOLED,DOLES,DOLLS
163 DATADOLLY,DOLOR,DOLTS,DOMED,DOMES,DONEE,DONGS,DONNA,DONOR,DONUT,DOOMS,DOOMY,DOORS,DOOZY,DOPED,DOPES,DOPEY,DORKS,DORKY,DORMS
164 DATADOSAS,DOSED,DOSES,DOTED,DOTES,DOTTY,DOUBT,DOUGH,DOULA,DOUSE,DOVES,DOWDY,DOWEL,DOWER,DOWNS,DOWNY,DOWRY,DOWSE,DOYEN,DOZED
165 DATADOZEN,DOZER,DOZES,DRABS,DRAFT,DRAGS,DRAIN,DRAKE,DRAMA,DRAMS,DRANK,DRAPE,DRAWL,DRAWN,DRAWS,DRAYS,DREAD,DREAM,DRECK,DREGS
166 DATADRESS,DRIBS,DRIED,DRIER,DRIES,DRIFT,DRILL,DRILY,DRINK,DRIPS,DRIVE,DROID,DROLL,DRONE,DROOL,DROOP,DROPS,DROSS,DROVE,DROWN
167 DATADRUGS,DRUID,DRUMS,DRUNK,DRUPE,DRYAD,DRYER,DRYLY,DUALS,DUCAL,DUCAT,DUCHY,DUCKS,DUCKY,DUCTS,DUDES,DUELS,DUETS,DUFFS,DUKES
168 DATADULLS,DULLY,DULSE,DUMBO,DUMMY,DUMPS,DUMPY,DUNCE,DUNES,DUNKS,DUOMO,DUPED,DUPES,DURAL,DURUM,DUSKS,DUSKY,DUSTS,DUSTY,DUTCH
REM E
171 DATAEAGER,EAGLE,EARED,EARLS,EARLY,EARNS,EARTH,EASED,EASEL,EASER,EASES,EATEN,EATER,EAVES,EBBED,EBONY,EBOOK,ECHOS,LOSER,EDEMA
172 DATAEDGED,EDGER,EDGES,EDICT,EDIFY,EDITS,EEJIT,EERIE,EGGED,EGRET,EIDER,EIDOS,EIGHT,EJECT,GEEKS,ELAND,ELBOW,ELDER,ELECT,ELEGY
173 DATAELIDE,ELITE,ELOPE,ELUDE,ELUTE,ELVEN,ELVES,EMAIL,EMBED,EMBER,EMCEE,EMERY,EMIRS,EMITS,EMOTE,EMPTY,ENACT,ENDED,ENDOW,ENEMA
174 DATAENEMY,ENJOY,ENNUI,ENOKI,ENROL,ENSUE,ENTER,ENTRY,ENVOY,EOSIN,EPICS,EPOCH,EPOXY,EQUAL,EQUIP,ERASE,ERECT,ERGOT,ERODE,ERRED
175 DATAERROR,ERUPT,ESSAY,ETHER,ETHIC,ETHOS,ETHYL,ETUDE,EUROS,EVADE,EVENS,EVENT,EVERY,EVICT,EVILS,EVOKE,EWERS,EXACT,EXALT,EXAMS
176 DATAEXCEL,EXECS,EXERT,EXILE,EXIST,EXITS,EXPAT,EXPEL,EXPOS,EXTOL,EXTRA,EXUDE,EXULT,EXURB,EYING,EYRIE,DYKES,DOGGO,ROAST,GREET
REM F
178 DATAFABLE,FACED,FACER,FACES,FACET,FACIA,FACTS,FADED,FADER,FADES,FAERY,FAILS,FAINT,FAIRS,FAIRY,FAITH,FAKED,FAKER,FAKES,GUILD
179 DATAFAKIR,FALLS,FAMED,FANCY,FANGS,FANNY,FARCE,FARED,FARES,FARMS,FARTS,FASTS,FATAL,FATED,FATES,FATSO,FATTY,FATWA,FAULT,FAUNA
180 DATAFAUNS,FAVAS,FAVES,FAVOR,FAWNS,FAXED,FAXES,FAZED,FAZES,FEARS,FEAST,FEATS,FECAL,FECES,FEEDS,FEELS,FEIGN,FEINT,FELLA,FELLS
181 DATAFELON,FELTS,FEMME,FEMUR,FENCE,FENDS,FERAL,FERIA,FERNS,FERNY,FERRY,FESTS,FETAL,FETCH,FETED,FETES,FETID,FETUS,FEUDS,FEVER
182 DATAFEWER,FIATS,FIBER,FIBRE,FICHE,FICUS,FIEFS,FIELD,FIEND,FIERY,FIFES,FIFTH,FIFTY,FIGHT,FILCH,FILED,FILER,FILES,FILET,FILLS
183 DATAFILLY,FILMS,FILMY,FILTH,FINAL,FINCA,FINCH,FINDS,FINED,FINER,FINES,FINIS,FINKS,FIORD,FIRED,FIRES,FIRMS,FIRST,FISHY,FISTS
184 DATAFITLY,FIVER,FIVES,FIXED,FIXER,FIXES,FIZZY,FJORD,FLACK,FLAGS,FLAIL,FLAIR,FLAKE,FLAKY,FLAME,FLANK,FLANS,FLAPS,FLARE,FLASH
185 DATAFLASK,FLATS,FLAWS,FLAYS,FLEAS,FLECK,FLEES,FLEET,FLESH,FLICK,FLIER,FLIES,FLING,FLOAT,FLOOD,FLOOR,FLOUR,FLOWN,FLOWS,FLUID
186 DATAFLYER,FOCAL,FOCUS,FOLKS,FONTS,FOODS,FORCE,FORMS,FORTH,FORTY,FORUM,FOUND,FRAME,FRAUD,FRESH,FRIED,FRIES,FRONT,FROST,FRUIT
REM G
188 DATAGAINS,GAMES,GAMMA,GASES,GATES,GAUGE,GEARS,GENES,GENRE,GHOST,GIANT,GIFTS,GIRLS,GIVEN,GIVES,GLAND,GLASS,GLOBE,GLORY,GLOSS
189 DATAGLOVE,GLUED,GOALS,GOATS,GOING,GOODS,GRACE,GRADE,GRAIN,GRAMS,GRAND,GRANT,GRAPE,GRAPH,GRASP,GRASS,GRAVE,GREAT,GREEK,GREEN
REM H
191 DATAHABIT,HAIRS,HALLS,HANDS,HANDY,HANGS,HAPPY,HARSH,HATED,HATES,HAVEN,HAWKS,HEADS,HEARD,HEART,HEAVY,HEDGE,HEELS,HELLO,HELPS
192 DATAHENCE,HERBS,HIGHS,HILLS,HINTS,HIRED,HOBBY,HOLDS,HOLES,HOLLY,HOMES,HONEY,HONOR,HOOKS,HOPED,HOPES,HORNS,HORSE,HOSTS,HOTEL
193 DATAHOURS,HOUSE,HOVER,HUMAN,HUMOR,HURTS,HITCH,HATCH,HUNCH,JUMPY,JUNKY,JUNTA,JUROR,LYING,LINGO,MAXIM,MAUVE,GRIEF,GRILL,GRIND
REM I
194 DATAICILY,ICING,ICONS,IDEAL,IDEAS,IDENT,IDIOM,IDIOT,IDLED,IDLER,IDOLS,IDYLL,IDYLS,IGLOO,IMAGE,IMAMS,IMBUE,IMPEL,IMPLY,INANE
195 DATAINCUR,INDEX,INDIE,INEPT,INERT,INFER,INGOT,INKED,INKLE,INLAY,INLET,INNER,INPUT,INSET,INTRO,IONIC,IRKED,IRONS,IRONY,ISLES
REM J
197 DATAJACAL,JACKS,JADED,JAILS,JAPES,JAZZY,JEANS,JEDIS,JEERS,JELLY,JERKS,JERKY,JESTS,JESUS,JETTY,JEWEL,JIBED,JIBES,JIFFY,JIHAD
198 DATAJINKS,JOCKS,JOEYS,JOHNS,JOINS,JOINT,JOIST,JOKED,JOKER,JOKES,JOLLY,JOLTS,JOUST,JUDAS,JUDGE,JUICE,JUICY,JUMBO,JUMBY,JUMPS
REM K
200 DATAKABAB,KANJI,KAPUT,KARMA,KEEPS,KEYED,KHAKI,KICKS,KIDDO,KIDDY,KILLS,KILNS,KILOS,KILTS,KILTY,KIMBO,KINDA,KINDS,KINGS,KNEES
201 DATAKNIFE,KINKY,KIOSK,KISSY,KITES,KITTY,KIWIS,KLUGE,KLUTZ,KNARL,KNAVE,KNEAD,KNITS,KNIVE,KNOCK,KNOTS,KNOLL,KNOWN,KNOWS,KOALA
REM L
202 DATALABEL,LABOR,LACKS,LAKES,LAMPS,LANDS,LANES,LARGE,LASER,LASTS,LATER,LAUGH,LAYER,LEADS,LEAKS,LEARN,LEASE,LEAST,LEAVE,LEGAL
203 DATALEMON,LEVEL,LEVER,LIGHT,LIKED,LIKES,LIMBS,LIMIT,LINED,LINEN,LINER,LINES,LINKS,LIONS,LISTS,LIVED,LIVER,LIVES,LOADS,LOANS
204 DATALOBBY,LOCAL,LOCKS,LODGE,LOGIC,LOGOS,LOOKS,LOOPS,LOOSE,LORDS,LOSES,LOVED,LOVER,LOVES,LOWER,LOYAL,LUCKY,LUNAR,LUNCH,LUNGS
REM M
206 DATAMACRO,MAGIC,MAJOR,MAKER,MAKES,MALES,MAPLE,MARCH,MARKS,MARRY,MASKS,MATCH,MATES,LONER,MATTE,MAYBE,MAYOR,MEALS,MEANS,MEANT
207 DATAMEATS,MEDAL,MEDIA,MEETS,MELEE,MENUS,MERCY,MERGE,MERIT,MERRY,MESSY,METAL,METER,METRO,MICRO,MIDST,MIGHT,MILES,MINDS,MINES
208 DATAMINOR,MINUS,MIXED,MIXER,MIXES,MODEL,MODEM,MODES,MOIST,MONEY,MONTH,MORAL,MOTOR,MOUNT,MOUSE,MOUTH,MOVED,MOVES,MOVIE,MUSIC
209 DATAMYTHS,MUSKY,MUSTY,MYRRH,MUCUS,MUDDY,MULCH,MUMMY,MUNCH,MURAL,MURKY,MUSHY,MOTTO,MOULT,MOURN,MOWER,MOVER,MORPH,MOTEL,MOTIF
REM N
210 DATANAILS,NAKED,NAMED,NAMES,NASAL,NASTY,NAVAL,NEEDS,NERVE,NEVER,NEWER,NEWLY,NEXUS,NICER,NICHE,NIGHT,NINJA,NINTH,NOBLE,NODES
211 DATANOISE,NOISY,NORMS,NORTH,NOTCH,NOTED,NOTES,NOVEL,NURSE,NYLON,NATAL,NEEDY,NEIGH,NAIVE,NANNY,NERDY,NIECE,NINNY,NOBLY,NOMAD
212 DATANOOSE,NOSEY,NUDGE,NUTTY,NYMPH,NADIR,NAVEL,MOUND,MODAL,MOLAR,MOGUL,MISSY,MOCHA,MINTY,MILKY,MINER,MISER,MIDGE,METRO,MEALY
REM O
213 DATAOASIS,OCCUR,OCEAN,ODDLY,ODIUM,ODORS,OFFAL,OFFER,OFTEN,OGLED,OGLER,OLDER,OLIVE,OMEGA,ONION,ONSET,OPENS,OPERA,OPTED,OPTIC
214 DATAORBIT,ORDER,ORGAN,OTHER,OUGHT,OUNCE,OUTER,OWNED,OWNER,OXIDE,OZONE,OTTER,OVOID,OPTIC,OUTDO,OWING,OVATE,OVARY,OVINE,OPIUM
REM P
216 DATAPACKS,PAGES,PAINS,PAINT,PAIRS,PANEL,PANIC,PANTS,PAPER,PARKS,PARTS,PARTY,PASTA,PASTE,PATCH,PATHS,PATIO,PAUSE,PEACE,PEACH
217 DATAPEAKS,PEARL,PEDAL,PEERS,PENIS,PENNY,PERKS,PESTS,PETTY,PHASE,PHONE,PHOTO,PIANO,PICKS,PIECE,PILES,PILLS,PILOT,PINCH,PIPES
218 DATAPITCH,PIXEL,PIZZA,PLACE,PLAIN,PLANE,PLANS,PLANT,PLATE,PLAYS,PLAZA,PLOTS,PLUGS,POEMS,POINT,POKER,POLAR,POLES,POLLS,POOLS
219 DATAPORCH,PORES,PORTS,POSED,POSES,POSTS,POUCH,POUND,POWER,PRESS,PRICE,PRIDE,PRIME,PRINT,PRIOR,PRIZE,PROBE,PROMO,PRONE,PROOF
220 DATAPROPS,PROUD,PROVE,PROXY,PSALM,PULLS,PULSE,PUMPS,PUNCH,PUPIL,PUPPY,PURSE,PRICK,PUSSY,POSIT,OUIJA,GRIPS,GROSS,GROUP,GROVE
REM Q
222 DATAQUACK,QUADS,QUAFF,QUAIL,QUAIS,QUAKE,QUALE,QUALM,QUARK,QUART,QUASH,QUEEN,QUEER,QUELL,QUERY,QUEST,QUEUE,QUICK,QUIET,GUIDE
223 DATAQUILL,QUILT,QUIPS,QUIRK,QUITE,QUITS,QUODS,QUOTE,QUOTH,ZONED,ZONES,ZOOKS,ZOOMS,ZORRO,ZOUKS,ZOWIE,ZYGON,NIFTY,GROWN,GROWS
REM R
224 DATARACES,RACKS,RADAR,RADIO,RAILS,RAINY,RAISE,RALLY,RANCH,RANGE,RANKS,RAPID,RATED,RATES,RATIO,RAZOR,REACH,REACT,READS,READY
225 DATAREALM,REBEL,REFER,REIGN,RELAX,RELAY,RENAL,RENEW,REPLY,RESET,RESIN,RETRO,RIDER,RIDES,RIDGE,RIFLE,RIGHT,RIGID,RINGS,RINSE
226 DATARISEN,RISES,RISKS,RISKY,RIVAL,RIVER,ROADS,ROBOT,ROCKS,ROCKY,ROGUE,ROLES,ROLLS,ROMAN,ROOMS,ROOTS,ROPES,ROSES,ROUGH,ROUND
227 DATAROUTE,ROYAL,RUGBY,RUINS,RULED,RULER,RULES,RURAL,REAIS,REALS,RAILE,ROATE,REAST,ROTOR,RABID,SONAR,SLICK,STARE,SENOR,LOATH
REM S
229 DATASADLY,SAFER,SALAD,SALES,SALON,SANDY,SATIN,SAUCE,SAVED,SAVES,SCALE,SCALP,SCANS,SCARE,SCARF,SCARY,SCENE,SCENT,SCOOP,SCOPE
230 DATASCORE,SCOUT,SCRAP,SCREW,SEALS,SEAMS,SEATS,SEEDS,SEEKS,SEEMS,SELLS,SENDS,SENSE,SERUM,SERVE,SETUP,SEVEN,SEWER,SHADE,SHAFT
231 DATASHAKE,SHALL,SHAME,SHAPE,SHARE,SHARK,SHARP,SHEEP,SHEER,SHEET,SHELF,SHELL,SHIFT,SHINE,SHINY,SHIPS,SHIRT,SHOCK,SHOES,SHOOK
232 DATASHOOT,SHOPS,SHORE,SHORT,SHOTS,SHOWN,SHOWS,SIDES,SIEGE,SIGHT,SIGMA,SIGNS,SILLY,SINCE,SITES,SIXTH,SIZED,SIZES,SKIES,SKILL
233 DATASKINS,SKIRT,SKULL,SLATE,SLAVE,SLEEK,SLEEP,SLEPT,SLICE,SLIDE,SLOPE,SLOTS,SMALL,SMART,SMELL,SMILE,SMOKE,SNACK,SNAKE,SNEAK
234 DATASOCKS,SOILS,SOLAR,SOLID,SOLVE,SONGS,SONIC,SORRY,SORTS,SOULS,SOUND,SOUTH,SPACE,SPARE,SPARK,SPEAK,SPECS,SPEED,SPELL,SPEND
235 DATASPENT,SPERM,SPICE,SPICY,SPIKE,SPINE,SPITE,SPLIT,SPOKE,SPOON,SPORT,SPOTS,SPRAY,SPURS,SQUAD,STACK,STAFF,STAGE,STAIN,STAKE
236 DATASTAMP,STAND,STARK,STARS,START,STATE,STATS,STAYS,STEAK,STEAL,STEAM,STEEL,STEEP,STEER,STEMS,STEPS,STICK,STIFF,STILL,STOCK
237 DATASTOLE,STONE,STOOD,STOOL,STOPS,STORE,STORM,STORY,STOVE,STRAP,STRAW,STRIP,STUCK,STUDY,STUFF,STYLE,SUCKS,SUGAR,SUITE,SUITS
238 DATASUNNY,SUPER,SURGE,SUSHI,SWEAR,SWEAT,SWEET,SWEPT,SWIFT,SWING,SWISS,SWORD,SYRUP,SOARE,SHALE,SAUTE,SOOTY,SAINT,STUNT,SLIME
REM T
240 DATATABLE,TAKEN,TAKES,TALES,TALKS,TANKS,TAPES,TASKS,TASTE,TASTY,TAXES,TEACH,TEAMS,TEARS,TEENS,TEETH,TELLS,TEMPO,TENDS,TENTH
241 DATATENTS,TERMS,TESTS,TEXTS,THANK,THEFT,THEIR,THEME,THERE,THESE,THICK,THIEF,THIGH,THING,THINK,THIRD,THOSE,THREE,THREW,THROW
242 DATATHUMB,TIGER,TIGHT,TILES,TIMER,TIMES,TIRED,TIRES,TITLE,TOAST,TODAY,TOKEN,TONES,TOOLS,TOOTH,TOPIC,TORCH,TOTAL,TOUCH,TOUGH
243 DATATOURS,TOWEL,TOWER,TOWNS,TOXIC,TRACE,TRACK,TRACT,TRADE,TRAIL,TRAIN,TRAIT,TRANS,TRAPS,TRASH,TREAT,TREES,TREND,TRIAL,TRIBE
244 DATATRICK,TRIED,TRIES,TRIPS,TROUT,TRUCK,TRULY,TRUMP,TRUNK,TRUST,TRUTH,TUBES,TUMOR,TUNED,TUNES,TURBO,TURNS,TUTOR,TWEET,TWICE
245 DATATWINS,TWIST,TYPES,TYRES,TONIC,TEPID,TARES,SQUAB,VIVID,VOCAL,VODKA,VOICE,VOLTS,VOTED,VOTER,VOTES,WEARY,GUARD,GUESS,GUEST
REM U
246 DATAUDDER,ULCER,ULTRA,UNARM,UNARY,UNBAG,UNBOX,UNCLE,UNCUT,UNDER,UNDID,UNDUE,UNFED,UNFIT,UNGAG,UNIFY,UNION,UNITE,UNITS,UNITY
247 DATAUNJAM,UNLIT,UNMET,UNTIE,UNTIL,UNWED,UNZIP,UPPED,UPPER,UPSET,URBAN,URGED,URGES,URINE,URNED,USAGE,USERS,USHER,USING,USUAL
REM V
249 DATAVAGUE,VALID,VALUE,VALVE,VAPOR,VAULT,VEGAN,VEINS,VENTS,VENUE,VERSE,VIDEO,VIEWS,VILLA,VINYL,VIRAL,VIRUS,VISAS,VISIT,VITAL
REM W
252 DATAWAGES,WAGON,WAIST,WALKS,WALLS,WANTS,WARNS,WASTE,WATCH,WATER,WATTS,WAVES,WEARS,WEEDS,WEEKS,WEIGH,WEIRD,WELLS,WELSH,WHALE
253 DATAWHEAT,WHEEL,WHERE,WHICH,WHILE,WHITE,WHOLE,WHOSE,WIDER,WIDOW,WIDTH,WINDS,WINES,WINGS,WIPED,WIRED,WIRES,WITCH,WIVES,WOMAN
254 DATAWOMEN,WOODS,WORDS,WORKS,WORLD,WORMS,WORRY,WORSE,WORST,WORTH,WOULD,WOUND,WRATH,WRIST,WRITE,WRONG,WROTE,WINCE,WHORE,GUILT
REM Y
256 DATAYACHT,YACKS,YAHOO,YANKS,YARDS,YARNS,YAWED,YAWNS,YEARN,YEARS,YEAST,YELLS,YELPS,YIELD,YIPPY,YODEL,YODLE,YOGAS,YOGIC,YOKED
257 DATAYOKEL,YONIC,YOUNG,LONER,YOURS,YOUTH,YOWIE,YUCCA,YUCKS,YUMMY,YUPPY,YURTS,ZEBRA,ZEBUS,ZEROS,ZESTY,ZILCH,ZIPPY,PATTY,*
