20 CLS
30 INPUT"LINE NUMBER";C
40 LPRINTMID$(STR$(C),2)" DATA";
50 FORT=1TO20:READW$:PRINTW$:IFW$="999"THENEND
60 PRINT"keep? (y/n)"
70 I$=INKEY$:IFI$=""THEN70
71 IFI$="N"THEN80
72 IFI$="Y"THENLPRINTW$",";
80 NEXT:C=C+1:LPRINT:GOTO40
999 DATA "999"

100 DATAAAHED,AALII,AARGH,AARTI,ABACA,ABACI,ABACK,ABACS,ABAFT,ABAKA,ABAMP,ABAND,ABASE,ABASH,ABASK,ABATE,ABAYA,ABBAS,ABBED,ABBES
101 DATAABBEY,ABBOT,ABCEE,ABEAM,ABEAR,ABELE,ABETS,ABHOR,ABIDE,ABIES,ABLED,ABLER,ABLES,ABLET,ABLOW,ABMHO,ABODE,ABOHM,ABOIL,ABOMA
102 DATAABOON,ABORD,ABORE,ABORT,ABOUT,ABOVE,ABRAM,ABRAY,ABRIM,ABRIN,ABRIS,ABSEY,ABSIT,ABUNA,ABUNE,ABUSE,ABUTS,ABUZZ,ABYES,ABYSM
103 DATAABYSS,ACAIS,ACARI,ACCAS,ACCOY,ACERB,ACERS,ACETA,ACHED,ACHES,ACHOO,ACIDS,ACIDY,ACING,ACINI,ACKEE,ACKER,ACMES,ACMIC,ACNED
104 DATAACNES,ACOCK,ACOLD,ACORN,ACRED,ACRES,ACRID,ACTED,ACTIN,ACTON,ACTOR,ACUTE,ACYLS,ADAGE,ADAPT,ADAWS,ADAYS,ADDAX,ADDED,ADDER
105 DATAADDIO,ADDLE,ADEEM,ADEPT,ADHAN,ADIEU,ADIOS,ADITS,ADMAN,ADMEN,ADMIN,ADMIT,ADMIX,ADOBE,ADOBO,ADOPT,ADORE,ADORN,ADOWN,ADOZE
106 DATAADRAD,ADRED,ADSUM,ADUKI,ADULT,ADUNC,ADUST,ADVEW,ADYTA,ADZED,ADZES,AECIA,AEDES,AEGIS,AEONS,AERIE,AEROS,AESIR,AFALD,AFARA
107 DATAAFARS,AFEAR,AFFIX,AFIRE,AFLAJ,AFOOT,AFORE,AFOUL,AFRIT,AFROS,AFTER,AGAIN,AGAMA,AGAMI,AGAPE,AGARS,AGAST,AGATE,AGAVE,AGAZE
108 DATAAGENE,AGENT,AGERS,AGGER,AGGIE,AGGRI,AGGRO,AGGRY,AGHAS,AGILA,AGILE,AGING,AGIOS,AGISM,AGIST,AGITA,AGLEE,AGLET,AGLEY,AGLOO
109 DATAAGLOW,AGLUS,AGMAS,AGOGE,AGONE,AGONS,AGONY,AGOOD,AGORA,AGREE,AGRIA,AGRIN,AGUED,AGUES,AGUTI,AHEAD,AHEAP,AHENT,AHIGH,AHIND
110 DATAAHING,AHINT,AHOLD,AHULL,AHURU,AIDED,AIDER,AIDES,AIDOI,AIDOS,AIERY,AIGAS,AILED,AIMED,AIMER,AINEE,AINGA,AIOLI,AIRED,AIRER
111 DATAAIRNS,AIRTH,AIRTS,AISLE,AITCH,AITUS,AIVER,AIZLE,AJIVA,AJUGA,AJWAN,AKEES,AKELA,AKENE,AKING,AKITA,AKKAS,ALAAP,ALACK,ALAMO
112 DATAALAND,ALANE,ALANG,ALANS,ALANT,ALAPA,ALAPS,ALARM,ALARY,ALATE,ALAYS,ALBAS,ALBEE,ALBUM,ALCID,ALCOS,ALDEA,ALDER,ALDOL,ALECK
113 DATAALECS,ALEFS,ALEFT,ALEPH,ALERT,ALEWS,ALEYE,ALFAS,ALGAE,ALGAL,ALGAS,ALGID,ALGIN,ALGOR,ALGUM,ALIAS,ALIBI,ALIEN,ALIFS,ALIGN
114 DATAALIKE,ALINE,ALIST,ALIVE,ALIYA,ALKIE,ALKOS,ALKYD,ALKYL,ALLAY,ALLEE,ALLEL,ALLEY,ALLIS,ALLOD,ALLOT,ALLOW,ALLOY,ALLYL,ALMAH
115 DATAALMAS,ALMEH,ALMES,ALMUD,ALMUG,ALODS,ALOED,ALOES,ALOFT,ALOHA,ALOIN,ALONE,ALONG,ALOOF,ALOUD,ALOWE,ALPHA,ALTAR,ALTER,ALTHO
116 DATAALTOS,ALULA,ALUMS,ALURE,ALWAY,AMAHS,AMAIN,AMASS,AMATE,AMAUT,AMAZE,AMBAN,AMBER,AMBIT,AMBLE,AMBOS,AMBRY,AMEBA,AMEER,AMEND
117 DATAAMENE,AMENS,AMENT,AMIAS,AMICE,AMICI,AMIDE,AMIDO,AMIDS,AMIES,AMIGA,AMIGO,AMINE,AMINO,AMINS,AMIRS,AMISS,AMITY,AMLAS,AMMAN
118 DATAAMMON,AMMOS,AMNIA,AMNIC,AMNIO,AMOKS,AMOLE,AMONG,AMORT,AMOUR,AMOVE,AMOWT,AMPED,AMPLE,AMPLY,AMPUL,AMRIT,AMUCK,AMUSE,AMYLS
119 DATAANANA,ANATA,ANCHO,ANCLE,ANCON,ANDRO,ANEAR,ANELE,ANENT,ANGAS,ANGEL,ANGER,ANGLE,ANGLO,ANGRY,ANGST,ANIGH,ANILE,ANILS,ANIMA
120 DATAANIME,ANIMI,ANION,ANISE,ANKER,ANKHS,ANKLE,ANKUS,ANLAS,ANNAL,ANNAS,ANNAT,ANNEX,ANNOY,ANNUL,ANOAS,ANODE,ANOLE,ANOMY,ANSAE
121 DATAANTAE,ANTAR,ANTAS,ANTED,ANTES,ANTIC,ANTIS,ANTRA,ANTRE,ANTSY,ANVIL,ANYON,AORTA,APACE,APAGE,APAID,APART,APAYD,APAYS,APEAK
122 DATAAPEEK,APERS,APERT,APERY,APGAR,APHID,APHIS,APIAN,APING,APIOL,APISH,APISM,APNEA,APODE,APODS,APOOP,APORT,APPAL,APPAY,APPEL
123 DATAAPPLE,APPLY,APPRO,APPUI,APPUY,APRES,APRON,APSES,APSIS,APSOS,APTED,APTER,APTLY,AQUAE,AQUAS,ARABA,ARAKS,ARAME,ARARS,ARBAS
124 DATAARBOR,ARCED,ARCUS,ARDEB,ARDOR,ARDRI,AREAD,AREAE,AREAL,AREAR,AREAS,ARECA,AREDD,AREDE,AREFY,AREIC,ARENA,ARENE,AREPA,ARERE
125 DATAARETE,ARETS,ARETT,ARGAL,ARGAN,ARGIL,ARGLE,ARGOL,ARGON,ARGOT,ARGUE,ARGUS,ARHAT,ARIAS,ARIEL,ARIKI,ARILS,ARIOT,ARISE,ARISH
126 DATAARKED,ARLED,ARLES,ARMED,ARMER,ARMET,ARMIL,ARMOR,ARNAS,ARNUT,AROBA,AROHA,AROID,AROMA,AROSE,ARPAS,ARPEN,ARRAH,ARRAS,ARRAY
127 DATAARRET,ARRIS,ARROW,ARSED,ARSES,ARSEY,ARSIS,ARSON,ARTAL,ARTEL,ARTIC,ARTIS,ARTSY,ARUHE,ARUMS,ARVAL,ARVOS,ARYLS,ASANA,ASCOT
128 DATAASCUS,ASDIC,ASHED,ASHEN,ASHES,ASHET,ASIDE,ASKED,ASKER,ASKEW,ASKOI,ASKOS,ASPEN,ASPER,ASPIC,ASPIS,ASPRO,ASSAI,ASSAM,ASSAY
129 DATAASSES,ASSET,ASSEZ,ASSOT,ASTER,ASTIR,ASTUN,ASWAY,ASWIM,ASYLA,ATAPS,ATAXY,ATIGI,ATILT,ATIMY,ATLAS,ATMAN,ATMAS,ATOCS,ATOKE
130 DATAATOKS,ATOLL,ATOMS,ATOMY,ATONE,ATONY,ATOPY,ATRIA,ATRIP,ATTAP,ATTAR,ATTIC,ATUAS,AUDAD,AUDIO,AUDIT,AUGER,AUGHT,AUGUR,AULAS
131 DATAAULIC,AULOI,AULOS,AUMIL,AUNES,AUNTS,AUNTY,AURAE,AURAL,AURAR,AURAS,AUREI,AURES,AURIC,AURIS,AURUM,AUTOS,AUXIN,AVAIL,AVALE
132 DATAAVANT,AVAST,AVELS,AVENS,AVERS,AVERT,AVGAS,AVIAN,AVINE,AVION,AVISE,AVISO,AVIZE,AVOID,AVOWS,AVYZE,AWAIT,AWAKE,AWARD,AWARE
133 DATAAWARN,AWASH,AWATO,AWAVE,AWAYS,AWDLS,AWEEL,AWETO,AWFUL,AWING,AWMRY,AWNED,AWNER,AWOKE,AWOLS,AWORK,AXELS,AXIAL,AXILE,AXILS
134 DATAAXING,AXIOM,AXION,AXITE,AXLED,AXLES,AXMAN,AXMEN,AXOID,AXONE,AXONS,AYAHS,AYELP,AYGRE,AYINS,AYONT,AYRES,AYRIE,AZANS,AZIDE
135 DATAAZIDO,AZINE,AZLON,AZOIC,AZOLE,AZONS,AZOTE,AZOTH,AZUKI,AZURE,AZURN,AZURY,AZYGY,AZYME,AZYMS,BAAED,BAALS,BABAS,BABEL,BABES
136 DATABABKA,BABOO,BABUL,BABUS,BACCA,BACCO,BACCY,BACHA,BACHS,BACKS,BACON,BADDY,BADGE,BADLY,BAELS,BAFFS,BAFFY,BAFTS,BAGEL,BAGGY
137 DATABAGHS,BAGIE,BAHTS,BAHUT,BAILS,BAIRN,BAITH,BAITS,BAIZA,BAIZE,BAJAN,BAJRA,BAJRI,BAJUS,BAKED,BAKEN,BAKER,BAKES,BAKRA,BALAS
138 DATABALDS,BALDY,BALED,BALER,BALES,BALKS,BALKY,BALLS,BALLY,BALMS,BALMY,BALOO,BALSA,BALTI,BALUN,BALUS,BAMBI,BANAK,BANAL,BANCO
139 DATABANCS,BANDA,BANDH,BANDS,BANDY,BANED,BANES,BANGS,BANIA,BANJO,BANKS,BANNS,BANTS,BANTU,BANTY,BAPUS,BARBE,BARBS,BARBY,BARCA
140 DATABARDE,BARDO,BARDS,BARDY,BARED,BARER,BARES,BARFS,BARGE,BARIC,BARKS,BARKY,BARMS,BARMY,BARNS,BARNY,BARON,BARPS,BARRA,BARRE
141 DATABARRO,BARRY,BARYE,BASAL,BASAN,BASED,BASER,BASES,BASHO,BASIC,BASIL,BASIN,BASIS,BASKS
143 DATABASON,BASSE,BASSI,BASSO,BASSY,BASTA,BASTE,BASTI,BASTO,BASTS,BATCH,BATED,BATES,BATHE,BATHS,BATIK,BATON,BATTA,BATTS,BATTU
144 DATABATTY,BAUDS,BAUKS,BAULK,BAURS,BAVIN,BAWDS,BAWDY,BAWLS,BAWNS,BAWRS,BAWTY,BAYED,BAYES,BAYLE,BAYOU,BAYTS,BAZAR,BAZOO,BEACH
145 DATABEADS,BEADY,BEAKS,BEAKY,BEAMS,BEAMY,BEANO,BEANS,BEANY,BEARD,BEARE,BEARS,BEAST,BEATH,BEATS,BEATY,BEAUS,BEAUT,BEAUX,BEBOP
146 DATABECAP,BECKE,BECKS,BEDAD,BEDEL,BEDES,BEDEW,BEDIM,BEDYE,BEECH,BEEDI,BEEFS,BEEFY,BEEPS,BEERS,BEERY,BEETS,BEFIT,BEFOG,BEGAD
147 DATABEGAN,BEGAR,BEGAT,BEGEM,BEGET,BEGIN,BEGOT,BEGUM,BEGUN,BEIGE,BEIGY,BEING,BEKAH,BELAH,BELAR,BELAY,BELCH,BELEE,BELGA,BELIE
148 DATABELLE,BELLS,BELLY,BELON,BELOW,BELTS,BEMAD,BEMAS,BEMIX,BEMUD,BENCH,BENDS,BENDY,BENES,BENET,BENIS,BENNE,BENNI,BENNY,BENTO
149 DATABENTS,BENTY,BEPAT,BERAY,BERES,BERET,BERGS,BERKO,BERKS,BERME,BERMS,BEROB,BERRY,BERTH,BERYL,BESAT,BESAW,BESEE,BESES,BESET
150 DATABESIT,BESOM,BESOT,BESTI,BESTS,BETAS,BETED,BETEL,BETES,BETHS,BETID,BETON,BETTA,BETTY,BEVEL,BEVER,BEVOR,BEVUE,BEVVY,BEWET
151 DATABEWIG,BEZEL,BEZES,BEZIL,BHAJI,BHANG,BHELS,BHOOT,BHUNA,BHUTS,BIALI,BIALY,BIBBS,BIBLE,BICCY,BICEP,BICES,BIDDY,BIDED,BIDER
152 DATABIDES,BIDET,BIDIS,BIDON,BIELD,BIERS,BIFFO,BIFFS,BIFFY,BIFID,BIGAE,BIGGS,BIGGY,BIGHA,BIGHT,BIGLY,BIGOS,BIGOT,BIJOU,BIKED
153 DATABIKER,BIKES,BIKIE,BILBO,BILBY,BILED,BILES,BILGE,BILGY,BILKS,BILLS,BILLY,BIMAH,BIMAS,BIMBO,BINAL,BINDI,BINDS,BINER,BINES
154 DATABINGE,BINGO,BINGS,BINGY,BINIT,BINKS,BINTS,BIOGS,BIOME,BIONT,BIOTA,BIPED,BIPOD,BIRCH,BIRDS,BIRKS,BIRLE,BIRLS,BIROS,BIRRS
155 DATABIRSE,BIRSY,BIRTH,BISES,BISKS,BISON,BITCH,BITER,BITES,BITOS,BITOU,BITSY,BITTE,BITTS,BITTY,BIVIA,BIVVY,BIZES,BIZZO,BIZZY
156 DATABLABS,BLACK,BLADE,BLADS,BLADY,BLAER,BLAES,BLAFF,BLAGS,BLAHS,BLAIN,BLAME,BLAMS,BLAND,BLANK,BLARE,BLART,BLASE,BLASH,BLAST
157 DATABLATE,BLATS,BLATT,BLAUD,BLAWN,BLAWS,BLAYS,BLAZE,BLEAK,BLEAR,BLEAT,BLEBS,BLEED,BLEEP,BLEES,BLEND,BLENT,BLERT,BLESS,BLEST
158 DATABLETS,BLEYS,BLIMP,BLIMY,BLIND,BLING,BLINI,BLINK,BLINS,BLINY,BLIPS,BLISS,BLIST,BLITE,BLITZ,BLIVE,BLOAT,BLOBS,BLOCK,BLOCS
159 DATABLOGS,BLOKE,BLOND,BLOOD,BLOOM,BLOOP,BLORE,BLOTS,BLOWN,BLOWS,BLOWY,BLUBS,BLUDE,BLUDY,BLUED,BLUER,BLUES,BLUET,BLUEY,BLUFF
160 DATABLUID,BLUME,BLUNK,BLUNT,BLURB,BLURS,BLURT,BLUSH,BLYPE,BOABS,BOAKS,BOARD,BOARS,BOART,BOAST,BOATS,BOBAC,BOBAK,BOBAS,BOBBY
161 DATABOBOL,BOCCA,BOCCE,BOCCI,BOCHE,BOCKS,BODED,BODES,BODGE,BODLE,BOEPS,BOETS,BOEUF,BOFFO,BOFFS,BOGAN,BOGEY,BOGGY,BOGIE,BOGLE
162 DATABOGUS,BOHEA,BOHOS,BOILS,BOING,BOINK,BOITE,BOKED,BOKES,BOKOS,BOLAR,BOLAS,BOLDS,BOLES,BOLIX,BOLLS,BOLOS,BOLTS,BOLUS,BOMAS
163 DATABOMBE,BOMBO,BOMBS,BONCE,BONDS,BONED,BONER,BONES,BONEY,BONGO,BONGS,BONIE,BONKS,BONNE,BONNY,BONUS,BONZA,BONZE,BOOBS,BOOBY
164 DATABOODY,BOOED,BOOFY,BOOGY,BOOHS,BOOKS,BOOKY,BOOLS,BOOMS,BOOMY,BOONG,BOONS,BOORD,BOORS,BOOSE,BOOST,BOOTH,BOOTS,BOOTY,BOOZE
165 DATABOOZY,BORAK,BORAL,BORAS,BORAX,BORDE,BORDS,BORED,BOREE,BOREL,BORER,BORES,BORGO,BORIC,BORKS,BORMS,BORNA,BORNE,BORON,BORTS
166 DATABORTY,BORTZ,BOSKS,BOSKY,BOSOM,BOSON,BOSSY,BOSUN,BOTAS,BOTCH,BOTEL,BOTHY,BOTTE,BOTTS,BOTTY,BOUGE,BOUGH,BOUKS,BOULE,BOULT
167 DATABOUND,BOUNS,BOURD,BOURG,BOURN,BOUSE,BOUSY,BOUTS,BOVID,BOWAT,BOWED,BOWEL,BOWER,BOWES,BOWET,BOWIE,BOWLS,BOWNE,BOWRS,BOWSE
168 DATABOXED,BOXEN,BOXER,BOXES,BOYAR,BOYAU,BOYED,BOYFS,BOYGS,BOYLA,BOYOS,BOYSY,BOZOS,BRAAI,BRACE,BRACH,BRACK,BRACT,BRADS,BRAES
169 DATABRAGS,BRAID,BRAIL,BRAIN,BRAKE,BRAKS,BRAKY,BRAME,BRAND,BRANK,BRANS,BRANT,BRASH,BRASS,BRAST,BRATS,BRAVA,BRAVE,BRAVI,BRAVO
170 DATABRAWL,BRAWN,BRAWS,BRAXY,BRAYS,BRAZA,BRAZE,BREAD,BREAK,BREAM,BREDE,BREDS,BREED,BREEM,BREER,BREES,BREID,BREIS,BREME,BRENS
171 DATABRENT,BRERE,BRERS,BREVE,BREWS,BREYS,BRIAR,BRIBE,BRICK,BRIDE,BRIEF,BRIER,BRIES,BRIGS,BRIKS,BRILL,BRIMS,BRINE,BRING,BRINK
172 DATABRINS,BRINY,BRIOS,BRISE,BRISK,BRISS,BRITH,BRITS,BRITT,BRIZE,BROAD,BROCH,BROCK,BRODS,BROGH,BROGS,BROIL,BROKE,BROME,BROMO
173 DATABRONC,BROND,BROOD,BROOK,BROOL,BROOM,BROOS,BROSE,BROSY,BROTH,BROWN,BROWS,BRUGH,BRUIN,BRUIT,BRULE,BRUME,BRUNG,BRUNT,BRUSH
174 DATABRUSK,BRUST,BRUTE,BRUTS,BUATS,BUAZE,BUBAL,BUBAS,BUBBA,BUBBY,BUBUS,BUCHU,BUCKO,BUCKS,BUCKU,BUDAS,BUDDY,BUDGE,BUDIS,BUDOS
175 DATABUFFA,BUFFE,BUFFI,BUFFO,BUFFS,BUFFY,BUFOS,BUGGY,BUGLE,BUHLS,BUHRS,BUIKS,BUILD,BUILT,BUIST,BUKES,BULBS,BULGE,BULGY,BULKS
176 DATABULKY,BULLA,BULLS,BULLY,BULSE,BUMBO,BUMFS,BUMPH,BUMPS,BUMPY,BUNAS,BUNCE,BUNCH,BUNCO,BUNDE,BUNDH,BUNDS,BUNDT,BUNDU,BUNDY
177 DATABUNGS,BUNGY,BUNIA,BUNJE,BUNJY,BUNKO,BUNKS,BUNNS,BUNNY,BUNTS,BUNTY,BUNYA,BUOYS,BUPPY,BURAN,BURAS,BURBS,BURDS,BURET,BURGH
178 DATABURGS,BURIN,BURKA,BURKE,BURKS,BURLS,BURLY,BURNS,BURNT,BUROO,BURPS,BURQA,BURRO,BURRS,BURRY,BURSA,BURSE,BURST,BUSBY,BUSED
179 DATABUSES,BUSHY,BUSKS,BUSKY,BUSSU,BUSTI,BUSTS,BUSTY,BUTCH,BUTEO,BUTES,BUTLE,BUTTE,BUTTS,BUTTY,BUTUT,BUTYL,BUXOM,BUYER,BUZZY
180 DATABWANA,BWAZI,BYDED,BYDES,BYKED,BYKES,BYLAW,BYRES,BYRLS,BYSSI,BYTES,BYWAY,CAAED,CABAL,CABAS,CABBY,CABER,CABIN,CABLE,CABOB
181 DATACABOC,CABRE,CACAO,CACAS,CACHE,CACKY,CACTI,CADDY,CADEE,CADES,CADET,CADGE,CADGY,CADIE,CADIS,CADRE,CAECA,CAESE,CAFES,CAFFS
182 DATACAGED,CAGER,CAGES,CAGEY,CAGOT,CAHOW,CAIDS,CAINS,CAIRD,CAIRN,CAJON,CAJUN,CAKED,CAKES,CAKEY,CALFS,CALID,CALIF,CALIX,CALKS
183 DATACALLA,CALLS,CALMS,CALMY,CALOS,CALPA,CALPS,CALVE,CALYX,CAMAN,CAMAS,CAMEL,CAMEO,CAMES,CAMIS,CAMOS,CAMPI,CAMPO,CAMPS,CAMPY
184 DATACAMUS,CANAL,CANDY,CANED,CANEH,CANER,CANES,CANGS,CANID,CANNA,CANNS,CANNY,CANOE,CANON
186 DATACANSO,CANST,CANTO,CANTS,CANTY,CAPAS,CAPED,CAPER,CAPES,CAPHS,CAPIZ,CAPLE,CAPON,CAPOS,CAPOT,CAPUL,CAPUT,CARAP,CARAT,CARBO
187 DATACARBS,CARBY,CARDI,CARDS,CARDY,CARED,CARER,CARES,CARET,CAREX,CARGO,CARKS,CARLE,CARLS,CARNS,CARNY,CAROB,CAROL,CAROM,CARPI
188 DATACARPS,CARRS,CARRY,CARSE,CARTA,CARTE,CARTS,CARVE,CARVY,CASAS,CASCO,CASED,CASES,CASKS,CASKY,CASTE,CASTS,CASUS,CATCH,CATER
189 DATACATES,CATTY,CAUDA,CAUKS,CAULD,CAULK,CAULS,CAUMS,CAUPS,CAUSA,CAUSE,CAVAS,CAVED,CAVEL,CAVER,CAVES,CAVIE,CAVIL,CAWED,CAWKS
190 DATACAXON,CEASE,CEAZE,CEBID,CECAL,CECUM,CEDAR,CEDED,CEDER,CEDES,CEDIS,CEIBA,CEILI,CEILS,CELEB,CELLA,CELLI,CELLO,CELLS,CELOM
191 DATACELTS,CENSE,CENTO,CENTS,CENTU,CEORL,CEPES,CERCI,CERED,CERES,CERGE,CERIA,CERIC,CERNE,CEROS,CERTS,CESSE,CESTA,CESTI,CETES
192 DATACETYL,CHACE,CHACK,CHACO,CHADO,CHADS,CHAFE,CHAFF,CHAFT,CHAIN,CHAIR,CHAIS,CHALK,CHALS,CHAMP,CHAMS,CHANG,CHANK,CHANT,CHAOS
193 DATACHAPE,CHAPS,CHAPT,CHARA,CHARD,CHARE,CHARK,CHARM,CHARR,CHARS,CHART,CHARY,CHASE,CHASM,CHATS,CHAVE,CHAVS,CHAWK,CHAWS,CHAYA
194 DATACHAYS,CHEAP,CHEAT,CHECK,CHEEK,CHEEP,CHEER,CHEFS,CHEKA,CHELA,CHELP,CHEMO,CHERE,CHERT,CHESS,CHEST,CHETH,CHEVY,CHEWS,CHEWY
195 DATACHIAO,CHIAS,CHIBS,CHICA,CHICH,CHICK,CHICO,CHICS,CHIDE,CHIEF,CHIEL,CHIKS,CHILD,CHILE,CHILI,CHILL,CHIMB,CHIME,CHIMO,CHIMP
196 DATACHINA,CHINE,CHINK,CHINO,CHINS,CHIPS,CHIRK,CHIRL,CHIRM,CHIRO,CHIRP,CHIRR,CHIRT,CHIRU,CHITS,CHIVE,CHIVS,CHIVY,CHIZZ,CHOCK
197 DATACHOCO,CHOCS,CHODE,CHOGS,CHOIR,CHOKE,CHOKO,CHOKY,CHOLA,CHOLI,CHOLO,CHOMP,CHONS,CHOOF,CHOOK,CHOOM,CHOPS,CHORD,CHORE,CHOSE
198 DATACHOTA,CHOTT,CHOUT,CHOUX,CHOWK,CHOWS,CHUBS,CHUCK,CHUFA,CHUFF,CHUGS,CHUMP,CHUMS,CHUNK,CHURL,CHURN,CHURR,CHUSE,CHUTE,CHYLE
199 DATACHYME,CHYND,CIAOS,CIBOL,CIDED,CIDER,CIDES,CIELS,CIGAR,CIGGY,CILIA,CILLS,CIMAR,CIMEX,CINCH,CINCT,CINES,CIONS,CIPPI,CIRCA
200 DATACIRCS,CIRES,CIRLS,CIRRI,CISCO,CISSY,CISTS,CITAL,CITED,CITER,CITES,CIVES,CIVET,CIVIC,CIVIE,CIVIL,CIVVY,CLACH,CLACK,CLADE
201 DATACLADS,CLAES,CLAGS,CLAIM,CLAME,CLAMP,CLAMS,CLANG,CLANK,CLANS,CLAPS,CLAPT,CLARO,CLART,CLARY,CLASH,CLASP,CLASS,CLAST,CLATS
202 DATACLAUT,CLAVE,CLAVI,CLAWS,CLAYS,CLEAN,CLEAR,CLEAT,CLECK,CLEEK,CLEEP,CLEFS,CLEFT,CLEGS,CLEIK,CLEMS,CLEPE,CLEPT,CLERK,CLEVE
203 DATACLEWS,CLICK,CLIED,CLIES,CLIFF,CLIFT,CLIMB,CLIME,CLINE,CLING,CLINK,CLINT,CLIPE,CLIPS,CLIPT,CLOAK,CLOAM,CLOCK,CLODS,CLOFF
204 DATACLOGS,CLOKE,CLOMB,CLOMP,CLONE,CLONK,CLONS,CLOOP,CLOOT,CLOPS,CLOSE,CLOTE,CLOTH,CLOTS,CLOUD,CLOUR,CLOUS,CLOUT,CLOVE,CLOWN
205 DATACLOWS,CLOYE,CLOYS,CLOZE,CLUBS,CLUCK,CLUED,CLUES,CLUMP,CLUNG,CLUNK,CLYPE,CNIDA,COACH,COACT,COALA,COALS,COALY,COAPT,COARB
206 DATACOAST,COATE,COATI,COATS,COBBS,COBBY,COBIA,COBLE,COBRA,COBZA,COCAS,COCCI,COCCO,COCKS,COCKY,COCOA,COCOS,CODAS,CODEC,CODED
207 DATACODEN,CODER,CODES,CODEX,CODON,COEDS,COFFS,COGIE,COGON,COGUE,COHAB,COHOE,COHOG,COHOS,COIFS,COIGN,COILS,COINS,COIRS,COITS
208 DATACOKED,COKES,COLAS,COLBY,COLDS,COLED,COLES,COLEY,COLIC,COLIN,COLLS,COLLY,COLOG,COLON,COLOR,COLTS,COLZA,COMAE,COMAL,COMAS
209 DATACOMBE,COMBI,COMBO,COMBS,COMBY,COMER,COMES,COMET,COMFY,COMIC,COMIX,COMMA,COMMO,COMMS,COMMY,COMPO,COMPS,COMPT,COMTE,COMUS
210 DATACONCH,CONDO,CONED,CONES,CONEY,CONFS,CONGA,CONGE,CONGO,CONIA,CONIC,CONIN,CONKS,CONKY,CONNE,CONNS,CONTE,CONTO,CONUS,CONVO
211 DATACOOCH,COOED,COOEE,COOER,COOEY,COOFS,COOKS,COOKY,COOLS,COOLY,COOMB,COOMS,COOMY,COONS,COOPS,COOPT,COOST,COOTS,COOZE,COPAL
212 DATACOPAY,COPED,COPEN,COPER,COPES,COPPY,COPRA,COPSE,COPSY,CORAL,CORAM,CORBE,CORBY,CORDS,CORED,CORER,CORES,COREY,CORGI,CORIA
213 DATACORKS,CORKY,CORMS,CORNI,CORNO,CORNS,CORNU,CORNY,CORPS,CORSE,CORSO,COSEC,COSED,COSES,COSET,COSEY,COSIE,COSTA,COSTE,COSTS
214 DATACOTAN,COTED,COTES,COTHS,COTTA,COTTS,COUCH,COUDE,COUGH,COULD,COUNT,COUPE,COUPS,COURB,COURD,COURE,COURS,COURT,COUTH,COVED
215 DATACOVEN,COVER,COVES,COVET,COVEY,COVIN,COWAL,COWAN,COWED,COWER,COWKS,COWLS,COWPS,COWRY,COXAE,COXAL,COXED,COXES,COYED,COYER
216 DATACOYLY,COYPU,COZED,COZEN,COZES,COZEY,COZIE,CRAAL,CRABS,CRACK,CRAFT,CRAGS,CRAIC,CRAIG,CRAKE,CRAME,CRAMP,CRAMS,CRANE,CRANK
217 DATACRANS,CRAPE,CRAPS,CRAPY,CRARE,CRASH,CRASS,CRATE,CRAVE,CRAWL,CRAWS,CRAYS,CRAZE,CRAZY,CREAK,CREAM,CREDO,CREDS,CREED,CREEK
218 DATACREEL,CREEP,CREES,CREME,CREMS,CRENA,CREPE,CREPT,CREPY,CRESS,CREST,CREWE,CREWS,CRIBS,CRICK,CRIED,CRIER,CRIES,CRIME,CRIMP
219 DATACRIMS,CRINE,CRIOS,CRIPE,CRISE,CRISP,CRITH,CRITS,CROAK,CROCI,CROCK,CROCS,CROFT,CROGS,CROMB,CROME,CRONE,CRONK,CRONY,CROOK
220 DATACROOL,CROON,CROPS,CRORE,CROSS,CROST,CROUP,CROUT,CROWD,CROWN,CROWS,CROZE,CRUCK,CRUDE,CRUDS,CRUDY,CRUEL,CRUES,CRUET,CRUMB
221 DATACRUMP,CRUOR,CRURA,CRUSE,CRUSH,CRUST,CRUSY,CRUVE,CRWTH,CRYPT,CTENE,CUBBY,CUBEB,CUBED,CUBER,CUBES,CUBIC,CUBIT,CUDDY,CUFFO
222 DATACUFFS,CUIFS,CUING,CUISH,CUITS,CUKES,CULCH,CULET,CULEX,CULLS,CULLY,CULMS,CULPA,CULTI,CULTS,CULTY,CUMEC,CUMIN,CUNDY,CUNEI
223 DATACUNTS,CUPEL,CUPID,CUPPA,CUPPY,CURAT,CURBS,CURCH,CURDS,CURDY,CURED,CURER,CURES,CURET,CURFS,CURIA,CURIE,CURIO,CURLI,CURLS
224 DATACURLY,CURNS,CURNY,CURRS,CURRY,CURSE,CURSI,CURST,CURVE,CURVY,CUSEC,CUSHY,CUSKS,CUSPS,CUSSO,CUTCH,CUTER,CUTES,CUTEY,CUTIE
225 DATACUTIN,CUTIS,CUTTO,CUTTY,CUTUP,CUVEE,CWTCH,CYANO,CYANS,CYBER,CYCAD,CYCAS,CYCLE,CYCLO,CYDER,CYLIX,CYMAE,CYMAR,CYMAS,CYMES
226 DATACYMOL,CYNIC,CYSTS,CYTES,CYTON,CZARS,DABBA,DACES,DACHA,DACKS,DADAH,DADAS,DADDY,DADOS,DAFFS,DAFFY,DAGGA,DAGGY,DAGOS,DAHLS
227 DATADAILY,DAINE,DAINT,DAIRY,DAISY,DAKER,DALED,DALES,DALIS,DALLE,DALLY,DALTS,DAMAN,DAMAR
229 DATADAMES,DAMME,DAMNS,DAMPS,DAMPY,DANCE,DANDY,DANGS,DANIO,DANKS,DANNY,DANTS,DARAF,DARBS,DARCY,DARED,DARER,DARES,DARGA,DARGS
230 DATADARIC,DARIS,DARKS,DARKY,DARNS,DARRE,DARTS,DARZI,DASHI,DASHY,DATAL,DATED,DATER,DATES,DATOS,DATTO,DATUM,DAUBE,DAUBS,DAUBY
231 DATADAUDS,DAULT,DAUNT,DAURS,DAUTS,DAVEN,DAVIT,DAWAH,DAWDS,DAWED,DAWEN,DAWKS,DAWNS,DAWTS,DAYAN,DAYCH,DAYNT,DAZED,DAZER,DAZES
232 DATADEADS,DEAIR,DEALS,DEALT,DEANS,DEARE,DEARN,DEARS,DEARY,DEASH,DEATH,DEAVE,DEAWS,DEAWY,DEBAG,DEBAR,DEBBY,DEBEL,DEBES,DEBIT
233 DATADEBTS,DEBUD,DEBUG,DEBUS,DEBUT,DEBYE,DECAD,DECAF,DECAL,DECAY,DECKO,DECKS,DECOR,DECOS,DECOY,DECRY,DEDAL,DEEDS,DEEDY,DEELY
234 DATADEEMS,DEENS,DEEPS,DEERE,DEERS,DEETS,DEEVE,DEEVS,DEFAT,DEFER,DEFFO,DEFIS,DEFOG,DEGAS,DEGUM,DEICE,DEIDS,DEIFY,DEIGN,DEILS
235 DATADEISM,DEIST,DEITY,DEKED,DEKES,DEKKO,DELAY,DELED,DELES,DELFS,DELFT,DELIS,DELLS,DELLY,DELOS,DELPH,DELTA,DELTS,DELVE,DEMAN
236 DATADEMES,DEMIC,DEMIT,DEMOB,DEMON,DEMOS,DEMPT,DEMUR,DENAR,DENAY,DENES,DENET,DENIM,DENIS,DENSE,DENTS,DEOXY,DEPOT,DEPTH,DERAT
237 DATADERAY,DERBY,DERED,DERES,DERIG,DERMA,DERMS,DERNS,DEROS,DERRO,DERRY,DERTH,DERVS,DESEX,DESHI,DESKS,DESSE,DETER,DETOX,DEUCE
238 DATADEVAS,DEVEL,DEVIL,DEVON,DEVOT,DEWAN,DEWAR,DEWAX,DEWED,DEXES,DEXIE,DHAKS,DHALS,DHOBI,DHOLE,DHOLL,DHOLS,DHOTI,DHOWS,DHUTI
239 DATADIACT,DIALS,DIARY,DIAZO,DIBBS,DICED,DICER,DICES,DICEY,DICHT,DICKS,DICKY,DICOT,DICTA,DICTS,DICTY,DIDDY,DIDIE,DIDOS,DIDST
240 DATADIEBS,DIENE,DIETS,DIFFS,DIGHT,DIGIT,DIKAS,DIKED,DIKER,DIKES,DIKEY,DILDO,DILLI,DILLS,DILLY,DIMER,DIMES,DIMLY,DIMPS,DINAR
241 DATADINED,DINER,DINES,DINGE,DINGO,DINGS,DINGY,DINIC,DINKS,DINKY,DINNA,DINOS,DINTS,DIODE,DIOLS,DIOTA,DIPPY,DIPSO,DIRAM,DIRER
242 DATADIRGE,DIRKE,DIRKS,DIRLS,DIRTS,DIRTY,DISAS,DISCI,DISCO,DISCS,DISHY,DISKS,DISME,DITAL,DITAS,DITCH,DITED,DITES,DITSY,DITTO
243 DATADITTS,DITTY,DITZY,DIVAN,DIVAS,DIVED,DIVER,DIVES,DIVIS,DIVOT,DIVVY,DIWAN,DIXIE,DIXIT,DIZEN,DIZZY,DJINN,DJINS,DOABS,DOATS
244 DATADOBBY,DOBIE,DOBLA,DOBRA,DOBRO,DOCHT,DOCKS,DOCOS,DODDY,DODGE,DODGY,DODOS,DOEKS,DOERS,DOEST,DOETH,DOFFS,DOGES,DOGEY,DOGGO
245 DATADOGGY,DOGIE,DOGMA,DOHYO,DOILT,DOILY,DOING,DOITS,DOJOS,DOLCE,DOLCI,DOLED,DOLES,DOLIA,DOLLS,DOLLY,DOLMA,DOLOR,DOLOS,DOLTS
246 DATADOMAL,DOMED,DOMES,DOMIC,DONAH,DONAS,DONEE,DONER,DONGA,DONGS,DONKO,DONNA,DONNE,DONNY,DONOR,DONSY,DONUT,DOOBS,DOODY,DOOKS
247 DATADOOLE,DOOLS,DOOLY,DOOMS,DOOMY,DOONA,DOORN,DOORS,DOOZY,DOPAS,DOPED,DOPER,DOPES,DOPEY,DORAD,DORBA,DORBS,DOREE,DORIC,DORIS
248 DATADORKS,DORKY,DORMS,DORMY,DORPS,DORRS,DORSA,DORSE,DORTS,DORTY,DOSED,DOSEH,DOSER,DOSES,DOTAL,DOTED,DOTER,DOTES,DOTTY,DOUAR
249 DATADOUBT,DOUCE,DOUCS,DOUGH,DOUKS,DOULA,DOUMA,DOUMS,DOUPS,DOURA,DOUSE,DOUTS,DOVED,DOVEN,DOVER,DOVES,DOVIE,DOWAR,DOWDS,DOWDY
250 DATADOWED,DOWEL,DOWER,DOWIE,DOWLE,DOWLS,DOWLY,DOWNA,DOWNS,DOWNY,DOWPS,DOWRY,DOWSE,DOWTS,DOXIE,DOYEN,DOYLY,DOZED,DOZEN,DOZER
251 DATADOZES,DRABS,DRACK,DRACO,DRAFF,DRAFT,DRAGS,DRAIL,DRAIN,DRAKE,DRAMA,DRAMS,DRANK,DRANT,DRAPE,DRAPS,DRATS,DRAVE,DRAWL,DRAWN
252 DATADRAWS,DRAYS,DREAD,DREAM,DREAR,DRECK,DREED,DREES,DREGS,DREKS,DRENT,DRERE,DRESS,DREST,DREYS,DRIBS,DRICE,DRIED,DRIER,DRIES
253 DATADRIFT,DRILL,DRILY,DRINK,DRIPS,DRIPT,DRIVE,DROID,DROIL,DROIT,DROLE,DROLL,DROME,DRONE,DRONY,DROOB,DROOG,DROOK,DROOL,DROOP
254 DATADROPS,DROPT,DROSS,DROUK,DROVE,DROWN,DROWS,DRUBS,DRUGS,DRUID,DRUMS,DRUNK,DRUPE,DRUSE,DRUSY,DRUXY,DRYAD,DRYER,DRYLY,DSOBO
255 DATADSOMO,DUADS,DUALS,DUANS,DUARS,DUBBO,DUCAL,DUCAT,DUCES,DUCHY,DUCKS,DUCKY,DUCTS,DUDDY,DUDED,DUDES,DUELS,DUETS,DUETT,DUFFS
256 DATADUFUS,DUING,DUITS,DUKAS,DUKED,DUKES,DUKKA,DULES,DULIA,DULLS,DULLY,DULSE,DUMAS,DUMBO,DUMBS,DUMKA,DUMKY,DUMMY,DUMPS,DUMPY
257 DATADUNAM,DUNCE,DUNCH,DUNES,DUNGS,DUNGY,DUNKS,DUNNO,DUNNY,DUNSH,DUNTS,DUOMI,DUOMO,DUPED,DUPER,DUPES,DUPLE,DUPLY,DUPPY,DURAL
258 DATADURAS,DURED,DURES,DURGY,DURNS,DUROC,DUROS,DUROY,DURRA,DURRS,DURRY,DURST,DURUM,DURZI,DUSKS,DUSKY,DUSTS,DUSTY,DUTCH,DUVET
259 DATADUXES,DWAAL,DWALE,DWALM,DWAMS,DWANG,DWARF,DWAUM,DWEEB,DWELL,DWELT,DWILE,DWINE,DYADS,DYERS,DYING,DYKED,DYKES,DYKEY,DYNEL
260 DATADYNES,DZHOS,EAGER,EAGLE,EAGRE,EALES,EANED,EARDS,EARED,EARLS,EARLY,EARNS,EARST,EARTH,EASED,EASEL,EASER,EASES,EASLE,EASTS
261 DATAEATEN,EATER,EATHE,EAVED,EAVES,EBBED,EBBET,EBONS,EBONY,EBOOK,ECADS,ECHED,ECHES,ECHOS,ECLAT,ECRUS,EDEMA,EDGED,EDGER,EDGES
262 DATAEDICT,EDIFY,EDILE,EDITS,EDUCE,EDUCT,EEJIT,EERIE,EEVEN,EEVNS,EFFED,EGADS,EGERS,EGEST,EGGAR,EGGED,EGGER,EGMAS,EGRET,EHING
263 DATAEIDER,EIDOS,EIGHT,EIGNE,EIKED,EIKON,EILDS,EISEL,EJECT,EKING,EKKAS,ELAIN,ELAND,ELANS,ELATE,ELBOW,ELCHI,ELDER,ELDIN,ELECT
264 DATAELEGY,ELEMI,ELFED,ELFIN,ELIAD,ELIDE,ELINT,ELITE,ELMEN,ELOGE,ELOGY,ELOIN,ELOPE,ELOPS,ELPEE,ELSIN,ELUDE,ELUTE,ELVAN,ELVER
265 DATAELVES,EMACS,EMAIL,EMBAR,EMBAY,EMBED,EMBER,EMBOG,EMBOW,EMBOX,EMBUS,EMCEE,EMEER,EMEND,EMERY,EMEUS,EMIRS,EMITS,EMMAS,EMMER
266 DATAEMMET,EMMEW,EMMYS,EMONG,EMOTE,EMOVE,EMPTS,EMPTY,EMULE,EMURE,EMYDE,EMYDS,ENACT,ENARM,ENATE,ENDED,ENDER,ENDEW,ENDOW,ENDUE
267 DATAENEMA,ENEMY,ENEWS,ENFIX,ENIAC,ENJOY,ENLIT,ENMEW,ENNOG,ENNUI,ENOKI,ENOLS,ENORM,ENOWS,ENROL,ENSEW,ENSKY,ENSUE,ENTER,ENTIA
268 DATAENTRY,ENURE,ENVOI,ENVOY,ENZYM,EORLS,EOSIN,EPACT,EPEES,EPHAH,EPHAS,EPHOD,EPHOR,EPICS,EPOCH,EPODE,EPOPT,EPOXY,EPRIS,EPROM
269 DATAEQUAL,EQUID,EQUIP,ERASE,ERBIA,ERECT,EREVS,ERGON,ERGOS,ERGOT,ERICA,ERICK,ERICS,ERING,ERNED,ERNES,ERODE,EROSE,ERRED,ERROR
270 DATAERSES,ERUCT,ERUGO,ERUPT,ERUVS,ERVEN,ERVIL,ESCAR,ESCOT,ESILE,ESKAR,ESKER,ESNES,ESSAY
272 DATAESSES,ESTER,ESTOC,ESTOP,ESTRO,ETAGE,ETAPE,ETATS,ETENS,ETHAL,ETHER,ETHIC,ETHOS,ETHYL,ETNAS,ETTIN,ETTLE,ETUDE,ETUIS,ETWEE
273 DATAETYMA,EUGHS,EUKED,EUPAD,EUROS,EUSOL,EVADE,EVENS,EVENT,EVERT,EVERY,EVETS,EVHOE,EVICT,EVILS,EVITE,EVOHE,EVOKE,EWERS,EWEST
274 DATAEWHOW,EWKED,EXACT,EXALT,EXAMS,EXCEL,EXEAT,EXECS,EXEEM,EXEME,EXERT,EXIES,EXILE,EXINE,EXING,EXIST,EXITS,EXODE,EXONS,EXPAT
275 DATAEXPEL,EXPOS,EXTOL,EXTRA,EXUDE,EXULS,EXULT,EXURB,EYASS,EYERS,EYING,EYOTS,EYRAS,EYRES,EYRIE,EYRIR,FABLE,FACED,FACER,FACES
276 DATAFACET,FACIA,FACTS,FADDY,FADED,FADER,FADES,FADGE,FADOS,FAENA,FAERY,FAFFS,FAGGY,FAGIN,FAGOT,FAIKS,FAILS,FAINE,FAINS,FAINT
277 DATAFAIRS,FAIRY,FAITH,FAKED,FAKER,FAKES,FAKEY,FAKIR,FALAJ,FALLS,FALSE,FAMED,FAMES,FANAL,FANCY,FANDS,FANES,FANGA,FANGO,FANGS
278 DATAFANKS,FANNY,FANON,FANOS,FANUM,FAQIR,FARAD,FARCE,FARCI,FARCY,FARDS,FARED,FARER,FARES,FARLE,FARLS,FARMS,FAROS,FARSE,FARTS
279 DATAFASCI,FASTI,FASTS,FATAL,FATED,FATES,FATLY,FATSO,FATTY,FATWA,FAUGH,FAULD,FAULT,FAUNA,FAUNS,FAURD,FAUTS,FAUVE,FAVAS,FAVEL
280 DATAFAVER,FAVES,FAVOR,FAVUS,FAWNS,FAWNY,FAXED,FAXES,FAYED,FAYER,FAYNE,FAYRE,FAZED,FAZES,FEALS,FEARE,FEARS,FEASE,FEAST,FEATS
281 DATAFEAZE,FECAL,FECES,FECHT,FECIT,FECKS,FEDEX,FEEBS,FEEDS,FEELS,FEENS,FEERS,FEESE,FEEZE,FEHME,FEIGN,FEINT,FEIST,FELID,FELLA
282 DATAFELLS,FELLY,FELON,FELTS,FELTY,FEMAL,FEMES,FEMME,FEMMY,FEMUR,FENCE,FENDS,FENDY,FENIS,FENKS,FENNY,FENTS,FEODS,FEOFF,FERAL
283 DATAFERER,FERES,FERIA,FERLY,FERMI,FERMS,FERNS,FERNY,FERRY,FESSE,FESTA,FESTS,FESTY,FETAL,FETAS,FETCH,FETED,FETES,FETID,FETOR
284 DATAFETTA,FETTS,FETUS,FETWA,FEUAR,FEUDS,FEUED,FEVER,FEWER,FEYED,FEYER,FEYLY,FEZES,FEZZY,FIARS,FIATS,FIBER,FIBRE,FIBRO,FICES
285 DATAFICHE,FICHU,FICIN,FICOS,FICUS,FIDGE,FIDOS,FIEFS,FIELD,FIEND,FIENT,FIERE,FIERS,FIERY,FIEST,FIFED,FIFER,FIFES,FIFTH,FIFTY
286 DATAFIGHT,FIGOS,FIKED,FIKES,FILAR,FILCH,FILED,FILER,FILES,FILET,FILLE,FILLO,FILLS,FILLY,FILMI,FILMS,FILMY,FILOS,FILTH,FILUM
287 DATAFINAL,FINCA,FINCH,FINDS,FINED,FINER,FINES,FINIS,FINKS,FINNY,FINOS,FIORD,FIQUE,FIRED,FIRER,FIRES,FIRIE,FIRKS,FIRMS,FIRNS
288 DATAFIRRY,FIRST,FIRTH,FISCS,FISHY,FISKS,FISTS,FISTY,FITCH,FITLY,FITNA,FITTE,FITTS,FIVER,FIVES,FIXED,FIXER,FIXES,FIXIT,FIZZY
289 DATAFJELD,FJORD,FLABS,FLACK,FLAFF,FLAGS,FLAIL,FLAIR,FLAKE,FLAKS,FLAKY,FLAME,FLAMM,FLAMS,FLAMY,FLANK,FLANS,FLAPS,FLARE,FLARY
290 DATAFLASH,FLASK,FLATS,FLAWN,FLAWS,FLAWY,FLAXY,FLAYS,FLEAM,FLEAS,FLECK,FLEER,FLEES,FLEET,FLEGS,FLEME,FLESH,FLEWS,FLEXO,FLEYS
291 DATAFLICK,FLICS,FLIED,FLIER,FLIES,FLIMP,FLIMS,FLING,FLINT,FLIPS,FLIRS,FLIRT,FLISK,FLITE,FLITS,FLITT,FLOAT,FLOCK,FLOCS,FLOES
292 DATAFLOGS,FLONG,FLOOD,FLOOR,FLOPS,FLORA,FLORS,FLORY,FLOSH,FLOSS,FLOTA,FLOTE,FLOUR,FLOUT,FLOWN,FLOWS,FLUBS,FLUED,FLUES,FLUEY
293 DATAFLUFF,FLUID,FLUKE,FLUKY,FLUME,FLUMP,FLUNG,FLUNK,FLUOR,FLURR,FLUSH,FLUTE,FLUTY,FLUYT,FLYBY,FLYER,FLYPE,FLYTE,FOALS,FOAMS
294 DATAFOAMY,FOCAL,FOCUS,FOEHN,FOGEY,FOGGY,FOGIE,FOGLE,FOHNS,FOIDS,FOILS,FOINS,FOIST,FOLDS,FOLEY,FOLIA,FOLIC,FOLIE,FOLIO,FOLKS
295 DATAFOLKY,FOLLY,FOMES,FONDA,FONDS,FONDU,FONLY,FONTS,FOODS,FOODY,FOOLS,FOOTS,FOOTY,FORAM,FORAY,FORBS,FORBY,FORCE,FORDO,FORDS
296 DATAFOREL,FORES,FOREX,FORGE,FORGO,FORKS,FORKY,FORME,FORMS,FORTE,FORTH,FORTS,FORTY,FORUM,FORZA,FORZE,FOSSA,FOSSE,FOUAT,FOUDS
297 DATAFOUER,FOUET,FOULE,FOULS,FOUND,FOUNT,FOURS,FOUTH,FOVEA,FOWLS,FOWTH,FOXED,FOXES,FOXIE,FOYER,FOYLE,FOYNE,FRABS,FRACK,FRACT
298 DATAFRAGS,FRAIL,FRAIM,FRAME,FRANC,FRANK,FRAPE,FRAPS,FRASS,FRATE,FRATI,FRATS,FRAUD,FRAUS,FRAYS,FREAK,FREED,FREER,FREES,FREET
299 DATAFREIT,FREMD,FRENA,FREON,FRERE,FRESH,FRETS,FRIAR,FRIBS,FRIED,FRIER,FRIES,FRIGS,FRILL,FRISE,FRISK,FRIST,FRITH,FRITS,FRITT
300 DATAFRITZ,FRIZE,FRIZZ,FROCK,FROES,FROGS,FROND,FRONS,FRONT,FRORE,FRORN,FRORY,FROSH,FROST,FROTH,FROWN,FROWS,FROWY,FROZE,FRUGS
301 DATAFRUIT,FRUMP,FRUSH,FRUST,FRYER,FUBAR,FUBBY,FUBSY,FUCKS,FUCUS,FUDDY,FUDGE,FUELS,FUERO,FUFFS,FUFFY,FUGAL,FUGGY,FUGIE,FUGIO
302 DATAFUGLE,FUGLY,FUGUE,FUGUS,FUJIS,FULLS,FULLY,FUMED,FUMER,FUMES,FUMET,FUNDI,FUNDS,FUNDY,FUNGI,FUNGO,FUNGS,FUNKS,FUNKY,FUNNY
303 DATAFURAL,FURAN,FURCA,FURLS,FUROL,FUROR,FURRS,FURRY,FURTH,FURZE,FURZY,FUSED,FUSEE,FUSEL,FUSES,FUSIL,FUSSY,FUSTS,FUSTY,FUTON
304 DATAFUZED,FUZEE,FUZES,FUZIL,FUZZY,FYCES,FYKED,FYKES,FYLES,FYRDS,FYTTE,GABBY,GABLE,GADDI,GADES,GADGE,GADID,GADIS,GADJE,GADJO
305 DATAGADSO,GAFFE,GAFFS,GAGED,GAGER,GAGES,GAIDS,GAILY,GAINS,GAIRS,GAITS,GAITT,GAJOS,GALAH,GALAS,GALAX,GALEA,GALES,GALLS,GALLY
306 DATAGALOP,GALUT,GALVO,GAMAS,GAMAY,GAMBA,GAMBE,GAMBO,GAMBS,GAMED,GAMER,GAMES,GAMEY,GAMIC,GAMIN,GAMMA,GAMME,GAMMY,GAMPS,GAMUT
307 DATAGANCH,GANDY,GANEF,GANEV,GANGS,GANJA,GANOF,GANTS,GAOLS,GAPED,GAPER,GAPES,GAPOS,GAPPY,GARBE,GARBO,GARBS,GARDA,GARIS,GARNI
308 DATAGARRE,GARTH,GARUM,GASES,GASPS,GASPY,GASSY,GASTS,GATED,GATER,GATES,GATHS,GATOR,GAUCY,GAUDS,GAUDY,GAUGE,GAUJE,GAULT,GAUMS
309 DATAGAUMY,GAUNT,GAUPS,GAURS,GAUSS,GAUZE,GAUZY,GAVEL,GAVOT,GAWCY,GAWDS,GAWKS,GAWKY,GAWPS,GAWSY,GAYAL,GAYER,GAYLY,GAZAL,GAZAR
310 DATAGAZED,GAZER,GAZES,GAZON,GAZOO,GEALS,GEANS,GEARE,GEARS,GEATS,GEBUR,GECKO,GECKS,GEEKS,GEEKY,GEEPS,GEESE,GEEST,GEIST,GEITS
311 DATAGELDS,GELEE,GELID,GELLY,GELTS,GEMEL,GEMMA,GEMMY,GEMOT,GENAL,GENAS,GENES,GENET,GENIC,GENIE,GENII,GENIP,GENNY,GENOA,GENOM
312 DATAGENRE,GENRO,GENTS,GENTY,GENUA,GENUS,GEODE,GEOID,GERAH,GERBE,GERES,GERLE,GERMS,GERMY,GERNE,GESSE,GESSO,GESTE,GESTS,GETAS
313 DATAGETUP,GEUMS,GEYAN,GEYER,GHAST,GHATS,GHAUT,GHAZI,GHEES,GHEST,GHOST,GHOUL,GHYLL,GIANT

315 DATAGIBED,GIBEL,GIBER,GIBES,GIBLI,GIBUS,GIDDY,GIFTS,GIGAS,GIGHE,GIGOT,GIGUE,GILAS,GILDS,GILET,GILLS,GILLY,GILPY,GILTS,GIMEL
316 DATAGIMME,GIMPS,GIMPY,GINGE,GINGS,GINKS,GINNY,GINZO,GIPON,GIPPO,GIPPY,GIPSY,GIRDS,GIRLS,GIRLY,GIRNS,GIRON,GIROS,GIRRS,GIRSH
317 DATAGIRTH,GIRTS,GISMO,GISMS,GISTS,GITES,GIUST,GIVED,GIVEN,GIVER,GIVES,GIZMO,GLACE,GLADE,GLADS,GLADY,GLAIK,GLAIR,GLAMS,GLAND
318 DATAGLANS,GLARE,GLARY,GLASS,GLAUM,GLAUR,GLAZE,GLAZY,GLEAM,GLEAN,GLEBA,GLEBE,GLEBY,GLEDE,GLEDS,GLEED,GLEEK,GLEES,GLEET,GLEIS
319 DATAGLENS,GLENT,GLEYS,GLIAL,GLIAS,GLIBS,GLIDE,GLIFF,GLIFT,GLIKE,GLIME,GLIMS,GLINT,GLISK,GLITS,GLITZ,GLOAM,GLOAT,GLOBE,GLOBI
320 DATAGLOBS,GLOBY,GLODE,GLOGG,GLOMS,GLOOM,GLOOP,GLOPS,GLORY,GLOSS,GLOST,GLOUT,GLOVE,GLOWS,GLOZE,GLUED,GLUER,GLUES,GLUEY,GLUGS
321 DATAGLUME,GLUMS,GLUON,GLUTE,GLUTS,GLYPH,GNARL,GNARR,GNARS,GNASH,GNATS,GNAWN,GNAWS,GNOME,GNOWS,GOADS,GOAFS,GOALS,GOARY,GOATS
322 DATAGOATY,GOBAN,GOBBI,GOBBO,GOBBY,GOBOS,GODET,GODLY,GODSO,GOELS,GOERS,GOETY,GOFER,GOFFS,GOGGA,GOGOS,GOIER,GOING,GOLDS,GOLDY
323 DATAGOLEM,GOLES,GOLFS,GOLLY,GOLPE,GOLPS,GOMBO,GOMER,GOMPA,GONAD,GONEF,GONER,GONGS,GONIA,GONIF,GONKS,GONNA,GONOF,GONYS,GONZO
324 DATAGOOBY,GOODS,GOODY,GOOEY,GOOFS,GOOFY,GOOGS,GOOKS,GOOKY,GOOLD,GOOLS,GOOLY,GOONS,GOONY,GOOPS,GOOPY,GOORS,GOORY,GOOSE,GOOSY
325 DATAGOPAK,GOPIK,GORAL,GORAS,GORED,GORES,GORGE,GORIS,GORMS,GORMY,GORPS,GORSE,GORSY,GOSHT,GOSSE,GOTHS,GOTTA,GOUGE,GOUKS,GOURA
326 DATAGOURD,GOUTS,GOUTY,GOWAN,GOWDS,GOWFS,GOWKS,GOWLS,GOWNS,GOXES,GOYIM,GRAAL,GRABS,GRACE,GRADE,GRADS,GRAFF,GRAFT,GRAIL,GRAIN
327 DATAGRAIP,GRAMA,GRAME,GRAMP,GRAMS,GRANA,GRAND,GRANS,GRANT,GRAPE,GRAPH,GRAPY,GRASP,GRASS,GRATE,GRAVE,GRAVS,GRAVY,GRAYS,GRAZE
328 DATAGREAT,GREBE,GRECE,GREED,GREEK,GREEN,GREES,GREET,GREGE,GREGO,GREIN,GRENS,GRENZ,GRESE,GREVE,GREWS,GREYS,GRICE,GRIDE,GRIDS
329 DATAGRIEF,GRIFF,GRIFT,GRIGS,GRIKE,GRILL,GRIME,GRIMY,GRIND,GRINS,GRIOT,GRIPE,GRIPS,GRIPT,GRIPY,GRISE,GRIST,GRISY,GRITH,GRITS
330 DATAGRIZE,GROAN,GROAT,GRODY,GROGS,GROIN,GROKS,GROMA,GRONE,GROOF,GROOM,GROPE,GROSS,GROSZ,GROTS,GROUF,GROUP,GROUT,GROVE,GROWL
331 DATAGROWN,GROWS,GRUBS,GRUED,GRUEL,GRUES,GRUFE,GRUFF,GRUME,GRUMP,GRUNT,GRYCE,GRYDE,GRYKE,GRYPE,GRYPT,GUACO,GUANA,GUANO,GUANS
332 DATAGUARD,GUARS,GUAVA,GUCKS,GUCKY,GUDES,GUESS,GUEST,GUFFS,GUGAS,GUIDE,GUIDS,GUILD,GUILE,GUILT,GUIMP,GUIRO,GUISE,GULAG,GULAR
333 DATAGULAS,GULCH,GULES,GULFS,GULFY,GULLS,GULLY,GULPH,GULPS,GULPY,GUMBO,GUMMA,GUMMY,GUMPS,GUNDY,GUNGE,GUNGY,GUNKS,GUNKY,GUNNY
334 DATAGUPPY,GURGE,GURLS,GURLY,GURNS,GURRY,GURSH,GURUS,GUSHY,GUSLA,GUSLE,GUSLI,GUSSY,GUSTO,GUSTS,GUSTY,GUTSY,GUTTA,GUTTY,GUYED
335 DATAGUYLE,GUYOT,GUYSE,GWINE,GYALS,GYBED,GYBES,GYELD,GYMPS,GYNAE,GYNIE,GYNNY,GYOZA,GYPPO,GYPPY,GYPSY,GYRAL,GYRED,GYRES,GYRON
336 DATAGYROS,GYRUS,GYTES,GYVED,GYVES,HAAFS,HAARS,HABIT,HABLE,HABUS,HACEK,HACKS,HADAL,HADED,HADES,HADJI,HADST,HAEMS,HAETS,HAFFS
337 DATAHAFIZ,HAFTS,HAGGS,HAHAS,HAICK,HAIKA,HAIKS,HAIKU,HAILS,HAILY,HAINS,HAINT,HAIRS,HAIRY,HAITH,HAJES,HAJIS,HAJJI,HAKAM,HAKAS
338 DATAHAKEA,HAKES,HAKIM,HAKUS,HALAL,HALED,HALER,HALES,HALFA,HALFS,HALID,HALLO,HALLS,HALMA,HALMS,HALON,HALOS,HALSE,HALTS,HALVA
339 DATAHALVE,HAMAL,HAMBA,HAMED,HAMES,HAMMY,HAMZA,HANAP,HANCE,HANCH,HANDS,HANDY,HANGI,HANGS,HANKS,HANKY,HANSA,HANSE,HANTS,HAOLE
340 DATAHAOMA,HAPAX,HAPLY,HAPPY,HAPUS,HARAM,HARDS,HARDY,HARED,HAREM,HARES,HARIM,HARKS,HARLS,HARMS,HARNS,HAROS,HARPS,HARPY,HARRY
341 DATAHARSH,HARTS,HASHY,HASKS,HASPS,HASTA,HASTE,HASTY,HATCH,HATED,HATER,HATES,HATHA,HAUDS,HAUFS,HAUGH,HAULD,HAULM,HAULS,HAULT
342 DATAHAUNT,HAUSE,HAUTE,HAVEN,HAVER,HAVES,HAVOC,HAWED,HAWKS,HAWMS,HAWSE,HAYED,HAYER,HAYEY,HAYLE,HAZAN,HAZED,HAZEL,HAZER,HAZES
343 DATAHEADS,HEADY,HEALD,HEALS,HEAME,HEAPS,HEAPY,HEARD,HEARE,HEARS,HEART,HEAST,HEATH,HEATS,HEAVE,HEAVY,HEBEN,HEBES,HECHT,HECKS
344 DATAHEDER,HEDGE,HEDGY,HEEDS,HEEDY,HEELS,HEEZE,HEFTE,HEFTS,HEFTY,HEIDS,HEIGH,HEILS,HEIRS,HEIST,HEJAB,HEJRA,HELED,HELES,HELIO
345 DATAHELIX,HELLO,HELLS,HELMS,HELOS,HELOT,HELPS,HELVE,HEMAL,HEMES,HEMIC,HEMIN,HEMPS,HEMPY,HENCE,HENDS,HENGE,HENNA,HENNY,HENRY
346 DATAHENTS,HEPAR,HERBS,HERBY,HERDS,HERES,HERLS,HERMA,HERMS,HERNS,HEROE,HERON,HEROS,HERRY,HERSE,HERTZ,HERYE,HESPS,HESTS,HETES
347 DATAHETHS,HEUCH,HEUGH,HEVEA,HEWED,HEWER,HEWGH,HEXAD,HEXED,HEXER,HEXES,HEXYL,HEYED,HIANT,HICKS,HIDED,HIDER,HIDES,HIEMS,HIGHS
348 DATAHIGHT,HIJAB,HIJRA,HIKED,HIKER,HIKES,HIKOI,HILAR,HILCH,HILLO,HILLS,HILLY,HILTS,HILUM,HILUS,HIMBO,HINAU,HINDS,HINGE,HINGS
349 DATAHINKY,HINNY,HINTS,HIOIS,HIPLY,HIPPO,HIPPY,HIRED,HIREE,HIRER,HIRES,HISSY,HISTS,HITCH,HITHE,HIVED,HIVER,HIVES,HIZEN,HOAED
350 DATAHOAGY,HOARD,HOARS,HOARY,HOAST,HOBBY,HOBOS,HOCKS,HOCUS,HODAD,HODJA,HOERS,HOGAN,HOGEN,HOGGS,HOGHS,HOHED,HOICK,HOIKS,HOING
351 DATAHOISE,HOIST,HOKED,HOKES,HOKEY,HOKIS,HOKKU,HOKUM,HOLDS,HOLED,HOLES,HOLEY,HOLKS,HOLLA,HOLLO,HOLLY,HOLMS,HOLON,HOLTS,HOMAS
352 DATAHOMED,HOMER,HOMES,HOMEY,HOMIE,HOMME,HOMOS,HONAN,HONDA,HONDS,HONED,HONER,HONES,HONEY,HONGI,HONGS,HONKS,HONKY,HONOR,HOOCH
353 DATAHOODS,HOODY,HOOEY,HOOFS,HOOKA,HOOKS,HOOKY,HOOLY,HOONS,HOOPS,HOORD,HOOSH,HOOTS,HOOTY,HOOVE,HOPED,HOPER,HOPES,HOPPY,HORAH
354 DATAHORAL,HORAS,HORDE,HORIS,HORME,HORNS,HORNY,HORSE,HORST,HORSY,HOSED,HOSEL,HOSEN,HOSER,HOSES,HOSEY,HOSTA,HOSTS,HOTCH,HOTEL
355 DATAHOTEN,HOTLY,HOTTY,HOUFF,HOUFS,HOUGH,HOUND,HOURI,HOURS,HOUSE,HOUTS,HOVEA,HOVED,HOVEL,HOVEN,HOVER,HOVES,HOWBE,HOWDY,HOWES
356 DATAHOWFF,HOWFS,HOWKS,HOWLS,HOWRE,HOWSO,HOXED,HOXES,HOYAS,HOYED,HOYLE,HUBBY,HUCKS,HUDNA

358 DATAHUDUD,HUERS,HUFFS,HUFFY,HUGER,HUGGY,HUHUS,HUIAS,HULAS,HULES,HULKS,HULKY,HULLO,HULLS,HULLY,HUMAN,HUMAS,HUMFS,HUMIC,HUMID
359 DATAHUMOR,HUMPH,HUMPS,HUMPY,HUMUS,HUNCH,HUNKS,HUNKY,HUNTS,HURDS,HURLS,HURLY,HURRA,HURRY,HURST,HURTS,HUSHY,HUSKS,HUSKY,HUSOS
360 DATAHUSSY,HUTCH,HUTIA,HUZZA,HUZZY,HWYLS,HYDRA,HYDRO,HYENA,HYENS,HYING,HYKES,HYLAS,HYLEG,HYLES,HYLIC,HYMEN,HYMNS,HYNDE,HYOID
361 DATAHYPED,HYPER,HYPES,HYPHA,HYPOS,HYRAX,HYSON,HYTHE,IAMBI,IAMBS,ICERS,ICHED,ICHES,ICHOR,ICIER,ICILY,ICING,ICKER,ICKLE,ICONS
362 DATAICTAL,ICTIC,ICTUS,IDANT,IDEAL,IDEAS,IDEES,IDENT,IDIOM,IDIOT,IDLED,IDLER,IDLES,IDOLA,IDOLS,IDYLL,IDYLS,IFTAR,IGAPO,IGGED
363 DATAIGLOO,IGLUS,IHRAM,IKANS,IKATS,IKONS,ILEAC,ILEAL,ILEUM,ILEUS,ILIAC,ILIAD,ILIAL,ILIUM,ILLER,ILLTH,IMAGE,IMAGO,IMAMS,IMARI
364 DATAIMAUM,IMBAR,IMBED,IMBUE,IMIDE,IMIDO,IMIDS,IMINE,IMINO,IMMEW,IMMIT,IMMIX,IMPED,IMPEL,IMPIS,IMPLY,IMPOT,IMSHI,IMSHY,INANE
365 DATAINAPT,INARM,INBYE,INCLE,INCOG,INCUR,INCUS,INCUT,INDEW,INDEX,INDIE,INDOL,INDOW,INDRI,INDUE,INEPT,INERM,INERT,INFER,INFIX
366 DATAINFOS,INFRA,INGAN,INGLE,INGOT,INION,INKED,INKER,INKLE,INLAY,INLET,INNED,INNER,INORB,INPUT,INRUN,INSET,INTEL,INTER,INTIL
367 DATAINTIS,INTRA,INTRO,INULA,INURE,INURN,INUST,INVAR,INWIT,IODIC,IODID,IODIN,IONIC,IOTAS,IPPON,IRADE,IRATE,IRIDS,IRING,IRKED
368 DATAIROKO,IRONE,IRONS,IRONY,ISBAS,ISHES,ISLED,ISLES,ISLET,ISNAE,ISSEI,ISSUE,ISTLE,ITCHY,ITEMS,ITHER,IVIED,IVIES,IVORY,IXIAS
369 DATAIXORA,IXTLE,IZARD,IZARS,IZZAT,JAAPS,JABOT,JACAL,JACKS,JACKY,JADED,JADES,JAFAS,JAGAS,JAGER,JAGGS,JAGGY,JAGIR,JAGRA,JAILS
370 DATAJAKES,JAKEY,JALAP,JALOP,JAMBE,JAMBO,JAMBS,JAMBU,JAMES,JAMMY,JANES,JANNS,JANNY,JANTY,JAPAN,JAPED,JAPER,JAPES,JARKS,JARLS
371 DATAJARPS,JARTA,JARUL,JASEY,JASPE,JASPS,JATOS,JAUKS,JAUNT,JAUPS,JAVAS,JAVEL,JAWAN,JAWED,JAXIE,JAZZY,JEANS,JEATS,JEBEL,JEDIS
372 DATAJEELS,JEELY,JEEPS,JEERS,JEFES,JEFFS,JEHAD,JEHUS,JELAB,JELLO,JELLS,JELLY,JEMBE,JEMMY,JENNY,JERID,JERKS,JERKY,JERRY,JESSE
373 DATAJESTS,JESUS,JETES,JETON,JETTY,JEUNE,JEWED,JEWEL,JEWIE,JHALA,JIAOS,JIBBS,JIBED,JIBER,JIBES,JIFFS,JIFFY,JIGGY,JIGOT,JIHAD
374 DATAJILLS,JILTS,JIMMY,JIMPY,JINGO,JINKS,JINNE,JINNI,JINNS,JIRDS,JIRGA,JIRRE,JISMS,JIVED,JIVER,JIVES,JIVEY,JNANA,JOBED,JOBES
375 DATAJOCKO,JOCKS,JODEL,JOEYS,JOHNS,JOINS,JOINT,JOIST,JOKED,JOKER,JOKES,JOKEY,JOKOL,JOLED,JOLES,JOLLS,JOLLY,JOLTS,JOLTY,JOMON
376 DATAJOMOS,JONES,JONGS,JONTY,JOOKS,JORAM,JORUM,JOTAS,JOTTY,JOTUN,JOUAL,JOUGS,JOUKS,JOULE,JOURS,JOUST,JOWAR,JOWED,JOWLS,JOWLY
377 DATAJOYED,JUBAS,JUBES,JUCOS,JUDAS,JUDGE,JUDOS,JUGAL,JUGUM,JUICE,JUICY,JUJUS,JUKED,JUKES,JUKUS,JULEP,JUMAR,JUMBO,JUMBY,JUMPS
378 DATAJUMPY,JUNCO,JUNKS,JUNKY,JUNTA,JUNTO,JUPES,JUPON,JURAL,JURAT,JUREL,JUROR,JUSTS,JUTES,JUTTY,JUVES,KAAMA,KABAB,KABAR,KABOB
379 DATAKACHA,KADES,KADIS,KAFIR,KAGOS,KAGUS,KAHAL,KAIAK,KAIDS,KAIES,KAIFS,KAIKA,KAIKS,KAILS,KAIMS,KAING,KAINS,KAKAS,KAKIS,KALAM
380 DATAKALES,KALIF,KALIS,KALPA,KAMAS,KAMES,KAMIK,KAMIS,KAMME,KANAE,KANAS,KANDY,KANEH,KANES,KANGA,KANGS,KANJI,KANTS,KANZU,KAONS
381 DATAKAPAS,KAPHS,KAPOK,KAPPA,KAPUT,KARAS,KARAT,KARKS,KARMA,KARNS,KAROO,KARRI,KARST,KARSY,KARTS,KARZY,KASHA,KASME,KATAS,KATIS
382 DATAKATTI,KAUGH,KAURI,KAURU,KAURY,KAVAS,KAWAS,KAWAU,KAWED,KAYAK,KAYLE,KAYOS,KAZIS,KAZOO,KBARS,KEBAB,KEBAR,KEBOB,KECKS,KEDGE
383 DATAKEDGY,KEECH,KEEFS,KEEKS,KEELS,KEENO,KEENS,KEEPS,KEETS,KEEVE,KEFIR,KEHUA,KEIRS,KELEP,KELIM,KELLS,KELLY,KELPS,KELPY,KELTS
384 DATAKELTY,KEMBO,KEMBS,KEMPS,KEMPT,KEMPY,KENAF,KENCH,KENDO,KENOS,KENTE,KENTS,KEPIS,KERBS,KEREL,KERFS,KERKY,KERMA,KERNE,KERNS
385 DATAKEROS,KERRY,KERVE,KESAR,KESTS,KETAS,KETCH,KETOL,KEVEL,KEVIL,KEXES,KEYED,KHADI,KHAFS,KHAKI,KHANS,KHAPH,KHATS,KHAYA,KHAZI
386 DATAKHEDA,KHETH,KHETS,KHOJA,KHORS,KHOUM,KHUDS,KIAAT,KIANG,KIBBE,KIBBI,KIBEI,KIBES,KIBLA,KICKS,KICKY,KIDDO,KIDDY,KIDEL,KIDGE
387 DATAKIEFS,KIERS,KIEVE,KIGHT,KIKES,KIKOI,KILEY,KILIM,KILLS,KILNS,KILOS,KILPS,KILTS,KILTY,KIMBO,KINAS,KINDA,KINDS,KINDY,KINES
388 DATAKINGS,KININ,KINKS,KINKY,KINOS,KIORE,KIOSK,KIPES,KIPPA,KIPPS,KIRBY,KIRKS,KIRNS,KIRRI,KISAN,KISSY,KISTS,KITED,KITER,KITES
389 DATAKITHE,KITHS,KITTY,KIVAS,KIWIS,KLANG,KLAPS,KLETT,KLICK,KLIEG,KLIKS,KLONG,KLOOF,KLUGE,KLUTZ,KNACK,KNAGS,KNAPS,KNARL,KNARS
390 DATAKNAUR,KNAVE,KNAWE,KNEAD,KNEED,KNEEL,KNEES,KNELL,KNELT,KNIFE,KNISH,KNITS,KNIVE,KNOBS,KNOCK,KNOLL,KNOPS,KNOSP,KNOTS,KNOUT
391 DATAKNOWE,KNOWN,KNOWS,KNUBS,KNURL,KNURR,KNURS,KNUTS,KOALA,KOANS,KOAPS,KOBAN,KOBOS,KOELS,KOFFS,KOFTA,KOHAS,KOHLS,KOINE,KOJIS
392 DATAKOKER,KOKRA,KOKUM,KOLAS,KOLOS,KOMBU,KONBU,KONDO,KONKS,KOOKS,KOOKY,KOORI,KOPEK,KOPHS,KOPJE,KOPPA,KORAI,KORAS,KORAT,KORES
393 DATAKORMA,KORUN,KORUS,KOSES,KOTCH,KOTOS,KOTOW,KOURA,KRAAL,KRABS,KRAFT,KRAIT,KRANG,KRANS,KRANZ,KRAUT,KREEP,KRENG,KREWE,KRILL
394 DATAKRONA,KRONE,KROON,KRUBI,KSARS,KUDOS,KUDUS,KUDZU,KUFIS,KUGEL,KUIAS,KUKRI,KUKUS,KULAK,KULAN,KULAS,KULFI,KUMYS,KURIS,KURRE
395 DATAKURTA,KURUS,KUSSO,KUTAS,KUTCH,KUTIS,KUTUS,KUZUS,KVASS,KVELL,KWELA,KYACK,KYAKS,KYANG,KYARS,KYATS,KYBOS,KYDST,KYLES,KYLIE
396 DATAKYLIN,KYLIX,KYLOE,KYNDE,KYNDS,KYPES,KYRIE,KYTES,KYTHE,LAARI,LABDA,LABEL,LABIA,LABIS,LABOR,LABRA,LACED,LACER,LACES,LACET
397 DATALACEY,LACKS,LADED,LADEN,LADER,LADES,LADLE,LAERS,LAEVO,LAGAN,LAGER,LAHAR,LAICH,LAICS,LAIDS,LAIGH,LAIKA,LAIKS,LAIRD,LAIRS
398 DATALAIRY,LAITH,LAITY,LAKED,LAKER,LAKES,LAKHS,LAKIN,LAKSA,LALDY,LALLS,LAMAS,LAMBS,LAMBY,LAMED,LAMER,LAMES,LAMIA,LAMMY,LAMPS
399 DATALANAI,LANAS,LANCE,LANCH,LANDE,LANDS,LANES,LANKS,LANKY,LANTS,LAPEL,LAPIN,LAPIS,LAPJE
401 DATALAPSE,LARCH,LARDS,LARDY,LAREE,LARES,LARGE,LARGO,LARIS,LARKS,LARKY,LARNS,LARUM,LARVA,LASED,LASER,LASES,LASSI,LASSO,LASSU
402 DATALASTS,LATAH,LATCH,LATED,LATEN,LATER,LATEX,LATHE,LATHI,LATHS,LATHY,LATKE,LATTE,LAUAN,LAUCH,LAUDS,LAUFS,LAUGH,LAUND,LAURA
403 DATALAVAS,LAVED,LAVER,LAVES,LAVRA,LAWED,LAWER,LAWIN,LAWKS,LAWNS,LAWNY,LAXER,LAXES,LAXLY,LAYED,LAYER,LAYIN,LAYUP,LAZAR,LAZED
404 DATALAZES,LAZOS,LAZZI,LAZZO,LEACH,LEADS,LEADY,LEAFS,LEAFY,LEAKS,LEAKY,LEAMS,LEANS,LEANT,LEANY,LEAPS,LEAPT,LEARE,LEARN,LEARS
405 DATALEARY,LEASE,LEASH,LEAST,LEATS,LEAVE,LEAVY,LEAZE,LEBEN,LECCY,LEDGE,LEDGY,LEDUM,LEEAR,LEECH,LEEKS,LEEPS,LEERS,LEERY,LEESE
406 DATALEETS,LEFTE,LEFTS,LEFTY,LEGAL,LEGER,LEGES,LEGGE,LEGGY,LEGIT,LEHRS,LEHUA,LEIRS,LEISH,LEMAN,LEMED,LEMEL,LEMES,LEMMA,LEMON
407 DATALEMUR,LENDS,LENES,LENGS,LENIS,LENOS,LENSE,LENTI,LENTO,LEONE,LEPER,LEPID,LEPRA,LEPTA,LERED,LERES,LERPS,LESBO,LESES,LESTS
408 DATALETCH,LETHE,LETUP,LEUCH,LEUCO,LEUDS,LEUGH,LEVEE,LEVEL,LEVER,LEVIN,LEVIS,LEWIS,LEXES,LEXIS,LEZES,LEZZA,LEZZY,LIANA,LIANE
409 DATALIANG,LIARD,LIARS,LIART,LIBEL,LIBER,LIBRA,LIBRI,LICHI,LICHT,LICIT,LICKS,LIDAR,LIDOS,LIEFS,LIEGE,LIENS,LIERS,LIEUS,LIEVE
410 DATALIFER,LIFES,LIFTS,LIGAN,LIGER,LIGGE,LIGHT,LIGNE,LIKED,LIKEN,LIKER,LIKES,LIKIN,LILAC,LILLS,LILOS,LILTS,LIMAN,LIMAS,LIMAX
411 DATALIMBA,LIMBI,LIMBO,LIMBS,LIMBY,LIMED,LIMEN,LIMES,LIMEY,LIMIT,LIMMA,LIMNS,LIMOS,LIMPA,LIMPS,LINAC,LINCH,LINDS,LINDY,LINED
412 DATALINEN,LINER,LINES,LINEY,LINGA,LINGO,LINGS,LINGY,LININ,LINKS,LINKY,LINNS,LINNY,LINOS,LINTS,LINTY,LINUM,LINUX,LIONS,LIPID
413 DATALIPIN,LIPOS,LIPPY,LIRAS,LIRKS,LIROT,LISKS,LISLE,LISPS,LISTS,LITAI,LITAS,LITED,LITER,LITES,LITHE,LITHO,LITHS,LITRE,LIVED
414 DATALIVEN,LIVER,LIVES,LIVID,LIVOR,LIVRE,LLAMA,LLANO,LOACH,LOADS,LOAFS,LOAMS,LOAMY,LOANS,LOAST,LOATH,LOAVE,LOBAR,LOBBY,LOBED
415 DATALOBES,LOBOS,LOBUS,LOCAL,LOCHS,LOCKS,LOCOS,LOCUM,LOCUS,LODEN,LODES,LODGE,LOESS,LOFTS,LOFTY,LOGAN,LOGES,LOGGY,LOGIA,LOGIC
416 DATALOGIE,LOGIN,LOGOI,LOGON,LOGOS,LOHAN,LOIDS,LOINS,LOIPE,LOIRS,LOKES,LOLLS,LOLLY,LOLOG,LOMAS,LOMED,LOMES,LONER,LONGA,LONGE
417 DATALONGS,LOOBY,LOOED,LOOEY,LOOFA,LOOFS,LOOIE,LOOKS,LOOMS,LOONS,LOONY,LOOPS,LOOPY,LOORD,LOOSE,LOOTS,LOPED,LOPER,LOPES,LOPPY
418 DATALORAL,LORAN,LORDS,LORDY,LOREL,LORES,LORIC,LORIS,LORRY,LOSED,LOSEL,LOSEN,LOSER,LOSES,LOSSY,LOTAH,LOTAS,LOTES,LOTIC,LOTOS
419 DATALOTTE,LOTTO,LOTUS,LOUED,LOUGH,LOUIE,LOUIS,LOUMA,LOUND,LOUNS,LOUPE,LOUPS,LOURE,LOURS,LOURY,LOUSE,LOUSY,LOUTS,LOVAT,LOVED
420 DATALOVER,LOVES,LOVEY,LOWAN,LOWED,LOWER,LOWES,LOWLY,LOWND,LOWNE,LOWNS,LOWPS,LOWRY,LOWSE,LOWTS,LOXED,LOXES,LOYAL,LOZEN,LUACH
421 DATALUAUS,LUBED,LUBES,LUBRA,LUCES,LUCID,LUCKS,LUCKY,LUCRE,LUDES,LUDIC,LUDOS,LUFFA,LUFFS,LUGED,LUGER,LUGES,LULLS,LULUS,LUMAS
422 DATALUMEN,LUMME,LUMMY,LUMPS,LUMPY,LUNAR,LUNAS,LUNCH,LUNES,LUNET,LUNGE,LUNGI,LUNGS,LUNKS,LUNTS,LUPIN,LUPUS,LURCH,LURED,LURER
423 DATALURES,LUREX,LURGI,LURGY,LURID,LURKS,LURRY,LURVE,LUSER,LUSHY,LUSKS,LUSTS,LUSTY,LUSUS,LUTEA,LUTED,LUTER,LUTES,LUVVY,LUXES
424 DATALWEIS,LYAMS,LYARD,LYART,LYASE,LYCEA,LYCEE,LYCRA,LYING,LYMES,LYMPH,LYNCH,LYNES,LYRES,LYRIC,LYSED,LYSES,LYSIN,LYSIS,LYSOL
425 DATALYSSA,LYTED,LYTES,LYTHE,LYTIC,LYTTA,MAAED,MAARE,MAARS,MABES,MACAW,MACED,MACER,MACES,MACHE,MACHI,MACHO,MACHS,MACKS,MACLE
426 DATAMACON,MACRO,MADAM,MADGE,MADID,MADLY,MADRE,MAFIA,MAFIC,MAGES,MAGGS,MAGIC,MAGMA,MAGOT,MAGUS,MAHOE,MAHUA,MAHWA,MAIDS,MAIKO
427 DATAMAIKS,MAILE,MAILL,MAILS,MAIMS,MAINS,MAIRE,MAIRS,MAISE,MAIST,MAIZE,MAJOR,MAKAR,MAKER,MAKES,MAKIS,MAKOS,MALAM,MALAR,MALAS
428 DATAMALAX,MALES,MALIC,MALIK,MALIS,MALLS,MALMS,MALMY,MALTS,MALTY,MALVA,MALWA,MAMAS,MAMBA,MAMBO,MAMEE,MAMEY,MAMIE,MAMMA,MAMMY
429 DATAMANAS,MANAT,MANDI,MANED,MANEH,MANES,MANET,MANGA,MANGE,MANGO,MANGS,MANGY,MANIA,MANIC,MANIS,MANKY,MANLY,MANNA,MANOR,MANOS
430 DATAMANSE,MANTA,MANTO,MANTY,MANUL,MANUS,MAPAU,MAPLE,MAQUI,MARAE,MARAH,MARAS,MARCH,MARCS,MARDY,MARES,MARGE,MARGS,MARIA,MARID
431 DATAMARKA,MARKS,MARLE,MARLS,MARLY,MARMS,MARON,MAROR,MARRI,MARRY,MARSE,MARSH,MARTS,MARVY,MASAS,MASED,MASER,MASES,MASHY,MASKS
432 DATAMASON,MASSA,MASSE,MASSY,MASTS,MASTY,MASUS,MATAI,MATCH,MATED,MATER,MATES,MATEY,MATHS,MATIN,MATLO,MATTE,MATTS,MATZA,MATZO
433 DATAMAUBY,MAUDS,MAULS,MAUND,MAURI,MAUTS,MAUVE,MAVEN,MAVIE,MAVIN,MAVIS,MAWED,MAWKS,MAWKY,MAWRS,MAXED,MAXES,MAXIM,MAXIS,MAYAN
434 DATAMAYAS,MAYBE,MAYED,MAYOR,MAYOS,MAYST,MAZED,MAZER,MAZES,MAZEY,MAZUT,MBIRA,MEADS,MEALS,MEALY,MEANE,MEANS,MEANT,MEANY,MEARE
435 DATAMEASE,MEATH,MEATS,MEATY,MEBOS,MECCA,MECKS,MEDAL,MEDIA,MEDIC,MEDII,MEDLE,MEEDS,MEERS,MEETS,MEFFS,MEINS,MEINT,MEINY,MEITH
436 DATAMEKKA,MELAS,MELDS,MELEE,MELIC,MELIK,MELLS,MELON,MELTS,MELTY,MEMES,MEMOS,MENAD,MENDS,MENED,MENES,MENGE,MENGS,MENSA,MENSE
437 DATAMENSH,MENTA,MENTO,MENUS,MEOUS,MEOWS,MERCH,MERCS,MERCY,MERDE,MERED,MEREL,MERER,MERES,MERGE,MERIL,MERIS,MERIT,MERKS,MERLE
438 DATAMERLS,MERRY,MERSE,MESAL,MESAS,MESEL,MESES,MESHY,MESIC,MESNE,MESON,MESSY,MESTO,METAL,METED,METER,METES,METHO,METHS,METIC
439 DATAMETIF,METIS,METOL,METRE,METRO,MEUSE,MEVED,MEVES,MEWED,MEWLS,MEYNT,MEZES,MEZZE,MEZZO,MHORR,MIAOU,MIAOW,MIASM,MIAUL,MICAS
440 DATAMICHE,MICHT,MICKS,MICKY,MICOS,MICRA,MICRO,MIDDY,MIDGE,MIDGY,MIDIS,MIDST,MIENS,MIEVE,MIFFS,MIFFY,MIFTY,MIGGS,MIGHT,MIHIS
441 DATAMIKED,MIKES,MIKRA,MILCH,MILDS,MILER,MILES,MILIA,MILKO,MILKS,MILKY,MILLE,MILLS,MILOR,MILOS,MILPA,MILTS,MILTY,MILTZ,MIMED
442 DATAMIMEO,MIMER,MIMES,MIMIC,MIMSY,MINAE,MINAR,MINAS,MINCE,MINCY,MINDS,MINED,MINER,MINES
444 DATAMINGE,MINGS,MINGY,MINIM,MINIS,MINKE,MINKS,MINNY,MINOR,MINOS,MINTS,MINTY,MINUS,MIRED,MIRES,MIREX,MIRIN,MIRKS,MIRKY,MIRLY
445 DATAMIRTH,MIRVS,MIRZA,MISCH,MISDO,MISER,MISES,MISGO,MISOS,MISSA,MISSY,MISTS,MISTY,MITCH,MITER,MITES,MITIS,MITRE,MITTS,MIXED
446 DATAMIXEN,MIXER,MIXES,MIXTE,MIXUP,MIZEN,MIZZY,MNEME,MOANS,MOATS,MOBBY,MOBES,MOBIE,MOBLE,MOCHA,MOCHS,MOCHY,MOCKS,MODAL,MODEL
447 DATAMODEM,MODER,MODES,MODGE,MODII,MODUS,MOERS,MOFOS,MOGGY,MOGUL,MOHEL,MOHRS,MOHUA,MOHUR,MOILS,MOIRA,MOIRE,MOIST,MOITS,MOJOS
448 DATAMOKES,MOKIS,MOKOS,MOLAL,MOLAR,MOLAS,MOLDS,MOLDY,MOLES,MOLLA,MOLLS,MOLLY,MOLTO,MOLTS,MOMES,MOMMA,MOMMY,MOMUS,MONAD,MONAL
449 DATAMONAS,MONDE,MONDO,MONER,MONEY,MONGO,MONGS,MONIE,MONKS,MONOS,MONTE,MONTH,MONTY,MOOCH,MOODS,MOODY,MOOED,MOOKS,MOOLA,MOOLI
450 DATAMOOLS,MOOLY,MOONS,MOONY,MOOPS,MOORS,MOORY,MOOSE,MOOTS,MOOVE,MOPED,MOPER,MOPES,MOPEY,MOPPY,MOPSY,MOPUS,MORAE,MORAL,MORAS
451 DATAMORAT,MORAY,MOREL,MORES,MORIA,MORNE,MORNS,MORON,MORPH,MORRA,MORRO,MORSE,MORTS,MOSED,MOSES,MOSEY,MOSKS,MOSSO,MOSSY,MOSTE
452 DATAMOSTS,MOTED,MOTEL,MOTEN,MOTES,MOTET,MOTEY,MOTHS,MOTHY,MOTIF,MOTIS,MOTOR,MOTTE,MOTTO,MOTTS,MOTTY,MOTUS,MOTZA,MOUCH,MOUES
453 DATAMOULD,MOULS,MOULT,MOUND,MOUNT,MOUPS,MOURN,MOUSE,MOUST,MOUSY,MOUTH,MOVED,MOVER,MOVES,MOVIE,MOWAS,MOWED,MOWER,MOWRA,MOXAS
454 DATAMOXIE,MOYAS,MOYLE,MOYLS,MOZED,MOZES,MOZOS,MPRET,MUCHO,MUCIC,MUCID,MUCIN,MUCKS,MUCKY,MUCOR,MUCRO,MUCUS,MUDDY,MUDGE,MUDIR
455 DATAMUDRA,MUFFS,MUFTI,MUGGA,MUGGS,MUGGY,MUHLY,MUIDS,MUILS,MUIRS,MUIST,MUJIK,MULCH,MULCT,MULED,MULES,MULEY,MULGA,MULLA,MULLS
456 DATAMULSE,MULSH,MUMMS,MUMMY,MUMPS,MUMSY,MUMUS,MUNCH,MUNGA,MUNGO,MUNGS,MUNIS,MUNTS,MUNTU,MUONS,MURAL,MURAS,MURED,MURES,MUREX
457 DATAMURID,MURKS,MURKY,MURLS,MURLY,MURRA,MURRE,MURRI,MURRS,MURRY,MURTI,MURVA,MUSAR,MUSCA,MUSED,MUSER,MUSES,MUSET,MUSHA,MUSHY
458 DATAMUSIC,MUSIT,MUSKS,MUSKY,MUSOS,MUSSE,MUSSY,MUSTH,MUSTS,MUSTY,MUTCH,MUTED,MUTER,MUTES,MUTHA,MUTIS,MUTON,MUTTS,MUXED,MUXES
459 DATAMUZZY,MVULE,MYALL,MYLAR,MYNAH,MYNAS,MYOID,MYOMA,MYOPE,MYOPS,MYOPY,MYRRH,MYSID,MYTHI,MYTHS,MYTHY,MYXOS,MZEES,NAAMS,NAANS
460 DATANABES,NABIS,NABKS,NABLA,NABOB,NACHE,NACHO,NACRE,NADAS,NADIR,NAEVE,NAEVI,NAFFS,NAGAS,NAGGY,NAGOR,NAHAL,NAIAD,NAIFS,NAIKS
461 DATANAILS,NAIRA,NAIRU,NAIVE,NAKED,NAKER,NAKFA,NALAS,NALED,NALLA,NAMED,NAMER,NAMES,NAMMA,NANAS,NANCE,NANCY,NANDU,NANNA,NANNY
462 DATANANUA,NAPAS,NAPED,NAPES,NAPOO,NAPPA,NAPPE,NAPPY,NARAS,NARCO,NARCS,NARDS,NARES,NARIC,NARIS,NARKS,NARKY,NARRE,NASAL,NASHI
463 DATANASTY,NATAL,NATCH,NATES,NATIS,NATTY,NAUCH,NAUNT,NAVAL,NAVAR,NAVEL,NAVES,NAVEW,NAVVY,NAWAB,NAZES,NAZIR,NAZIS,NEAFE,NEALS
464 DATANEAPS,NEARS,NEATH,NEATS,NEBEK,NEBEL,NECKS,NEDDY,NEEDS,NEEDY,NEELD,NEELE,NEEMB,NEEMS,NEEPS,NEESE,NEEZE,NEGRO,NEGUS,NEIFS
465 DATANEIGH,NEIST,NEIVE,NELIS,NELLY,NEMAS,NEMNS,NEMPT,NENES,NEONS,NEPER,NEPIT,NERAL,NERDS,NERDY,NERKA,NERKS,NEROL,NERTS,NERTZ
466 DATANERVE,NERVY,NESTS,NETES,NETOP,NETTS,NETTY,NEUKS,NEUME,NEUMS,NEVEL,NEVER,NEVES,NEVUS,NEWED,NEWEL,NEWER,NEWIE,NEWLY,NEWSY
467 DATANEWTS,NEXTS,NEXUS,NGAIO,NGANA,NGATI,NGOMA,NGWEE,NICAD,NICER,NICHE,NICHT,NICKS,NICKY,NICOL,NIDAL,NIDED,NIDES,NIDOR,NIDUS
468 DATANIECE,NIEFS,NIEVE,NIFES,NIFFS,NIFFY,NIFTY,NIGER,NIGHS,NIGHT,NIHIL,NIKAU,NILLS,NIMBI,NIMBS,NIMPS,NINES,NINJA,NINNY,NINON
469 DATANINTH,NIPAS,NIPPY,NIQAB,NIRLS,NIRLY,NISEI,NISSE,NISUS,NITER,NITES,NITID,NITON,NITRE,NITRO,NITRY,NITTY,NIVAL,NIXED,NIXER
470 DATANIXES,NIXIE,NIZAM,NKOSI,NOAHS,NOBBY,NOBLE,NOBLY,NOCKS,NODAL,NODDY,NODES,NODUS,NOELS,NOGGS,NOHOW,NOILS,NOILY,NOINT,NOIRS
471 DATANOISE,NOISY,NOLES,NOLLS,NOLOS,NOMAD,NOMAS,NOMEN,NOMES,NOMIC,NOMOI,NOMOS,NONAS,NONCE,NONES,NONET,NONGS,NONIS,NONNY,NONYL
472 DATANOOIT,NOOKS,NOOKY,NOONS,NOOPS,NOOSE,NOPAL,NORIA,NORIS,NORKS,NORMA,NORMS,NORTH,NOSED,NOSER,NOSES,NOSEY,NOTAL,NOTCH,NOTED
473 DATANOTER,NOTES,NOTUM,NOULD,NOULE,NOULS,NOUNS,NOUNY,NOUPS,NOVAE,NOVAS,NOVEL,NOVUM,NOWAY,NOWED,NOWLS,NOWTS,NOWTY,NOXAL,NOXES
474 DATANOYAU,NOYED,NOYES,NUBBY,NUBIA,NUCHA,NUDDY,NUDER,NUDES,NUDGE,NUDIE,NUDZH,NUFFS,NUGAE,NUKED,NUKES,NULLA,NULLS,NUMBS,NUMEN
475 DATANUNNY,NURDS,NURDY,NURLS,NURRS,NURSE,NUTSO,NUTSY,NUTTY,NYAFF,NYALA,NYING,NYLON,NYMPH,NYSSA,OAKED,OAKEN,OAKER,OAKUM,OARED
476 DATAOASES,OASIS,OASTS,OATEN,OATER,OATHS,OAVES,OBANG,OBEAH,OBELI,OBESE,OBEYS,OBIAS,OBIED,OBIIT,OBITS,OBJET,OBOES,OBOLE,OBOLI
477 DATAOBOLS,OCCAM,OCCUR,OCEAN,OCHER,OCHES,OCHRE,OCHRY,OCKER,OCREA,OCTAD,OCTAL,OCTAN,OCTAS,OCTET,OCTYL,OCULI,ODAHS,ODALS,ODDER
478 DATAODDLY,ODEON,ODEUM,ODISM,ODIST,ODIUM,ODORS,ODOUR,ODSOS,ODYLE,ODYLS,OFAYS,OFFAL,OFFED,OFFER,OFLAG,OFTEN,OFTER,OGAMS,OGEES
479 DATAOGGIN,OGHAM,OGIVE,OGLED,OGLER,OGLES,OGMIC,OGRES,OHIAS,OHING,OHMIC,OHONE,OIDIA,OILED,OILER,OINKS,OINTS,OJIME,OKAPI,OKAYS
480 DATAOKEHS,OKRAS,OKTAS,OLDEN,OLDER,OLDIE,OLEIC,OLEIN,OLENT,OLEOS,OLEUM,OLIOS,OLIVE,OLLAS,OLLAV,OLLER,OLLIE,OLOGY,OLPAE,OLPES
481 DATAOMASA,OMBER,OMBRE,OMBUS,OMEGA,OMENS,OMERS,OMITS,OMLAH,OMOVS,OMRAH,ONCER,ONCES,ONCET,ONCUS,ONELY,ONERS,ONERY,ONION,ONIUM
482 DATAONKUS,ONLAY,ONNED,ONSET,ONTIC,OOBIT,OOHED,OOMPH,OONTS,OOPED,OORIE,OOSES,OOTID,OOZED,OOZES,OPAHS,OPALS,OPENS,OPEPE,OPERA
483 DATAOPINE,OPING,OPIUM,OPPOS,OPSIN,OPTED,OPTER,OPTIC,ORACH,ORACY,ORALS,ORANG,ORANT,ORATE,ORBED,ORBIT,ORCAS,ORCIN,ORDER,ORDOS
484 DATAOREAD,ORFES,ORGAN,ORGIA,ORGIC,ORGUE,ORIBI,ORIEL,ORIXA,ORLES,ORLON,ORLOP,ORMER,ORNIS,ORPIN,ORRIS,ORTHO,ORVAL,ORZOS,OSCAR
485 DATAOSHAC,OSIER,OSMIC,OSMOL,OSSIA,OSTIA,OTAKU,OTARY,OTHER,OTTAR,OTTER,OTTOS,OUBIT,OUCHT
487 DATAOUGHT,OUIJA,OULKS,OUMAS,OUNCE,OUNDY,OUPAS,OUPED,OUPHE,OUPHS,OURIE,OUSEL,OUSTS,OUTBY,OUTDO,OUTED,OUTER,OUTGO,OUTRE,OUTRO
488 DATAOUZEL,OUZOS,OVALS,OVARY,OVATE,OVELS,OVENS,OVERS,OVERT,OVINE,OVIST,OVOID,OVOLI,OVOLO,OVULE,OWCHE,OWING,OWLED,OWLER,OWLET
489 DATAOWNED,OWNER,OWRES,OWRIE,OWSEN,OXBOW,OXERS,OXEYE,OXIDE,OXIDS,OXIME,OXIMS,OXLIP,OXTER,OYERS,OZEKI,OZONE,OZZIE,PAALS,PACAS
490 DATAPACED,PACER,PACES,PACEY,PACHA,PACKS,PACOS,PACTA,PACTS,PADDY,PADIS,PADLE,PADMA,PADRE,PADRI,PAEAN,PAEON,PAGAN,PAGED,PAGER
491 DATAPAGES,PAGLE,PAGOD,PAGRI,PAIKS,PAILS,PAINS,PAINT,PAIRE,PAIRS,PAISA,PAISE,PAKKA,PALAS,PALAY,PALEA,PALED,PALER,PALES,PALET
492 DATAPALKI,PALLA,PALLS,PALLY,PALMS,PALMY,PALPI,PALPS,PALSY,PAMPA,PANAX,PANCE,PANDA,PANDS,PANDY,PANED,PANEL,PANES,PANGA,PANGS
493 DATAPANIC,PANIM,PANNE,PANSY,PANTO,PANTS,PANTY,PAOLI,PAOLO,PAPAL,PAPAS,PAPAW,PAPER,PAPES,PAPPI,PAPPY,PARAE,PARAS,PARCH,PARDI
494 DATAPARDS,PARDY,PARED,PAREO,PARER,PARES,PAREU,PAREV,PARGE,PARGO,PARIS,PARKA,PARKI,PARKS,PARKY,PARLE,PARLY,PAROL,PARPS,PARRA
495 DATAPARRS,PARRY,PARSE,PARTI,PARTS,PARTY,PARVE,PARVO,PASEO,PASES,PASHA,PASHM,PASPY,PASSE,PASTA,PASTE,PASTS,PASTY,PATCH,PATED
496 DATAPATEN,PATER,PATES,PATHS,PATIN,PATIO,PATLY,PATSY,PATTE,PATTY,PATUS,PAUAS,PAULS,PAUSE,PAVAN,PAVED,PAVEN,PAVER,PAVES,PAVID
497 DATAPAVIN,PAVIS,PAWAS,PAWAW,PAWED,PAWER,PAWKS,PAWKY,PAWLS,PAWNS,PAXES,PAYED,PAYEE,PAYER,PAYOR,PAYSD,PEACE,PEACH,PEAGE,PEAGS
498 DATAPEAKS,PEAKY,PEALS,PEANS,PEARE,PEARL,PEARS,PEART,PEASE,PEATS,PEATY,PEAVY,PEAZE,PEBAS,PECAN,PECHS,PECKE,PECKS,PECKY,PEDAL
499 DATAPEDES,PEDRO,PEECE,PEEKS,PEELS,PEENS,PEEOY,PEEPE,PEEPS,PEERS,PEERY,PEEVE,PEGGY,PEGHS,PEINS,PEISE,PEIZE,PEKAN,PEKES,PEKIN
500 DATAPEKOE,PELAS,PELES,PELFS,PELLS,PELMA,PELON,PELTA,PELTS,PENAL,PENCE,PENDS,PENDU,PENED,PENES,PENGO,PENIE,PENIS,PENKS,PENNA
501 DATAPENNE,PENNI,PENNY,PENTS,PEONS,PEONY,PEPLA,PEPOS,PEPPY,PERAI,PERCE,PERCH,PERDU,PERDY,PEREA,PERES,PERIL,PERIS,PERKS,PERKY
502 DATAPERMS,PERNS,PERPS,PERRY,PERSE,PERST,PERTS,PERVE,PERVS,PESKY,PESOS,PESTO,PESTS,PESTY,PETAL,PETAR,PETER,PETIT,PETRE,PETTI
503 DATAPETTO,PETTY,PEWEE,PEWIT,PEYSE,PHAGE,PHANG,PHARE,PHASE,PHEER,PHENE,PHEON,PHESE,PHIAL,PHLOX,PHOCA,PHOHS,PHONE,PHONO,PHONS
504 DATAPHONY,PHOTO,PHOTS,PHPHT,PHUTS,PHYLA,PHYLE,PIANO,PIANS,PIBAL,PICAL,PICAS,PICCY,PICKS,PICKY,PICOT,PICRA,PICUL,PIECE,PIEND
505 DATAPIERS,PIERT,PIETA,PIETS,PIETY,PIEZO,PIGGY,PIGHT,PIGMY,PIING,PIKAS,PIKAU,PIKED,PIKER,PIKES,PIKEY,PIKIS,PIKUL,PILAF,PILAO
506 DATAPILAR,PILAU,PILAW,PILCH,PILEA,PILED,PILEI,PILER,PILES,PILIS,PILLS,PILOT,PILOW,PILUM,PILUS,PIMAS,PIMPS,PINAS,PINCH,PINED
507 DATAPINES,PINEY,PINGO,PINGS,PINKO,PINKS,PINKY,PINNA,PINNY,PINON,PINOT,PINTA,PINTO,PINTS,PINUP,PIONS,PIONY,PIOUS,PIOYE,PIOYS
508 DATAPIPAL,PIPAS,PIPED,PIPER,PIPES,PIPET,PIPIS,PIPIT,PIPPY,PIPUL,PIQUE,PIRAI,PIRLS,PIRNS,PIROG,PISCO,PISES,PISKY,PISOS,PISTE
509 DATAPITAS,PITCH,PITHS,PITHY,PITON,PITTA,PIUMS,PIVOT,PIXEL,PIXES,PIXIE,PIZED,PIZES,PIZZA,PLAAS,PLACE,PLACK,PLAGE,PLAID,PLAIN
510 DATAPLAIT,PLANE,PLANK,PLANS,PLANT,PLAPS,PLASH,PLASM,PLAST,PLATE,PLATS,PLATY,PLAYA,PLAYS,PLAZA,PLEAD,PLEAS,PLEAT,PLEBE,PLEBS
511 DATAPLENA,PLEON,PLESH,PLEWS,PLICA,PLIED,PLIER,PLIES,PLIMS,PLING,PLINK,PLOAT,PLODS,PLONG,PLONK,PLOOK,PLOPS,PLOTS,PLOTZ,PLOUK
512 DATAPLOWS,PLOYS,PLUCK,PLUES,PLUFF,PLUGS,PLUMB,PLUME,PLUMP,PLUMS,PLUMY,PLUNK,PLUSH,PLYER,POACH,POAKA,POAKE,POBOY,POCKS,POCKY
513 DATAPODAL,PODDY,PODEX,PODGE,PODGY,PODIA,POEMS,POEPS,POESY,POETS,POGEY,POGGE,POGOS,POILU,POIND,POINT,POISE,POKAL,POKED,POKER
514 DATAPOKES,POKEY,POKIE,POLAR,POLED,POLER,POLES,POLEY,POLIO,POLIS,POLJE,POLKA,POLKS,POLLS,POLLY,POLOS,POLTS,POLYP,POLYS,POMBE
515 DATAPOMES,POMMY,POMOS,POMPS,PONCE,PONCY,PONDS,PONES,PONEY,PONGA,PONGO,PONGS,PONGY,PONKS,PONTS,PONTY,PONZU,POOCH,POODS,POOED
516 DATAPOOFS,POOFY,POOHS,POOJA,POOKA,POOKS,POOLS,POONS,POOPS,POORI,POORT,POOTS,POOVE,POOVY,POPES,POPPA,POPPY,POPSY,PORAE,PORAL
517 DATAPORCH,PORED,PORER,PORES,PORGE,PORGY,PORKS,PORKY,PORNO,PORNS,PORNY,PORTA,PORTS,PORTY,POSED,POSER,POSES,POSEY,POSHO,POSIT
518 DATAPOSSE,POSTS,POTAE,POTCH,POTED,POTES,POTIN,POTOO,POTSY,POTTO,POTTS,POTTY,POUCH,POUFF,POUFS,POUKE,POUKS,POULE,POULP,POULT
519 DATAPOUND,POUPE,POUPT,POURS,POUTS,POUTY,POWAN,POWER,POWIN,POWND,POWNS,POWNY,POWRE,POXED,POXES,POYNT,POYOU,POYSE,POZZY,PRAAM
520 DATAPRADS,PRAHU,PRAMS,PRANA,PRANG,PRANK,PRAOS,PRASE,PRATE,PRATS,PRATT,PRATY,PRAUS,PRAWN,PRAYS,PREDY,PREED,PREEN,PREES,PREIF
521 DATAPREMS,PREMY,PRENT,PREOP,PREPS,PRESA,PRESE,PRESS,PREST,PREVE,PREXY,PREYS,PRIAL,PRICE,PRICK,PRICY,PRIDE,PRIED,PRIEF,PRIER
522 DATAPRIES,PRIGS,PRILL,PRIMA,PRIME,PRIMI,PRIMO,PRIMP,PRIMS,PRIMY,PRINK,PRINT,PRION,PRIOR,PRISE,PRISM,PRISS,PRIVY,PRIZE,PROAS
523 DATAPROBE,PROBS,PRODS,PROEM,PROFS,PROGS,PROIN,PROKE,PROLE,PROLL,PROMO,PROMS,PRONE,PRONG,PRONK,PROOF,PROPS,PRORE,PROSE,PROSO
524 DATAPROSS,PROST,PROSY,PROUD,PROUL,PROVE,PROWL,PROWS,PROXY,PROYN,PRUDE,PRUNE,PRUNT,PRUTA,PRYER,PRYSE,PSALM,PSEUD,PSHAW,PSION
525 DATAPSOAE,PSOAI,PSOAS,PSORA,PSYCH,PSYOP,PUBES,PUBIC,PUBIS,PUCAN,PUCER,PUCES,PUCKA,PUCKS,PUDDY,PUDGE,PUDGY,PUDIC,PUDOR,PUDSY
526 DATAPUDUS,PUERS,PUFFS,PUFFY,PUGGY,PUGIL,PUHAS,PUJAH,PUJAS,PUKED,PUKER,PUKES,PUKKA,PUKUS,PULAO,PULAS,PULED,PULER,PULES,PULIK
527 DATAPULIS,PULKA,PULKS,PULLI,PULLS,PULMO,PULPS,PULPY,PULSE,PULUS,PUMAS,PUMIE,PUMPS,PUNAS,PUNCE,PUNCH,PUNGA,PUNGS,PUNJI,PUNKA
528 DATAPUNKS,PUNKY,PUNNY,PUNTO,PUNTS,PUNTY,PUPAE,PUPAL,PUPAS,PUPIL,PUPPY,PUPUS,PURDA,PURED
530 DATAPUREE,PURER,PURES,PURGE,PURIM,PURIN,PURIS,PURLS,PURPY,PURRS,PURSE,PURSY,PURTY,PUSES,PUSHY,PUSLE,PUSSY,PUTID,PUTON,PUTTI
531 DATAPUTTO,PUTTS,PUTTY,PUZEL,PYATS,PYETS,PYGAL,PYGMY,PYINS,PYLON,PYNED,PYNES,PYOID,PYOTS,PYRAL,PYRAN,PYRES,PYREX,PYRIC,PYROS
532 DATAPYXED,PYXES,PYXIE,PYXIS,PZAZZ,QADIS,QAIDS,QANAT,QIBLA,QOPHS,QORMA,QUACK,QUADS,QUAFF,QUAGS,QUAIL,QUAIR,QUAIS,QUAKE,QUAKY
533 DATAQUALE,QUALM,QUANT,QUARE,QUARK,QUART,QUASH,QUASI,QUASS,QUATE,QUATS,QUAYD,QUAYS,QUBIT,QUEAN,QUEEN,QUEER,QUELL,QUEME,QUENA
534 DATAQUERN,QUERY,QUEST,QUEUE,QUEYN,QUEYS,QUICH,QUICK,QUIDS,QUIET,QUIFF,QUILL,QUILT,QUIMS,QUINA,QUINE,QUINO,QUINS,QUINT,QUIPO
535 DATAQUIPS,QUIPU,QUIRE,QUIRK,QUIRT,QUIST,QUITE,QUITS,QUOAD,QUODS,QUOIF,QUOIN,QUOIT,QUOLL,QUONK,QUOPS,QUOTA,QUOTE,QUOTH,QURSH
536 DATAQUYTE,RABAT,RABBI,RABIC,RABID,RABIS,RACED,RACER,RACES,RACHE,RACKS,RACON,RADAR,RADGE,RADII,RADIO,RADIX,RADON,RAFFS,RAFTS
537 DATARAGAS,RAGDE,RAGED,RAGEE,RAGER,RAGES,RAGGA,RAGGS,RAGGY,RAGIS,RAHED,RAHUI,RAIAS,RAIDS,RAIKS,RAILE,RAILS,RAINE,RAINS,RAINY
538 DATARAIRD,RAISE,RAITA,RAITS,RAJAH,RAJAS,RAJES,RAKED,RAKEE,RAKER,RAKES,RAKIS,RAKUS,RALES,RALLY,RALPH,RAMAL,RAMEE,RAMEN,RAMET
539 DATARAMIE,RAMIN,RAMIS,RAMMY,RAMPS,RAMUS,RANAS,RANCE,RANCH,RANDS,RANDY,RANEE,RANGE,RANGI,RANGY,RANID,RANIS,RANKE,RANKS,RANTS
540 DATARAPED,RAPER,RAPES,RAPHE,RAPID,RAPPE,RARED,RAREE,RARER,RARES,RARKS,RASED,RASER,RASES,RASPS,RASPY,RASSE,RASTA,RATAL,RATAN
541 DATARATAS,RATCH,RATED,RATEL,RATER,RATES,RATHA,RATHE,RATHS,RATIO,RATOO,RATOS,RATTY,RATUS,RAUNS,RAUPO,RAVED,RAVEL,RAVEN,RAVER
542 DATARAVES,RAVIN,RAWER,RAWIN,RAWLY,RAWNS,RAXED,RAXES,RAYAH,RAYAS,RAYED,RAYLE,RAYNE,RAYON,RAZED,RAZEE,RAZER,RAZES,RAZOO,RAZOR
543 DATAREACH,REACT,READD,READS,READY,REAKS,REALM,REALO,REALS,REAME,REAMS,REAMY,REANS,REAPS,REARM,REARS,REAST,REATA,REATE,REAVE
544 DATAREBAR,REBBE,REBEC,REBEL,REBID,REBIT,REBOP,REBUS,REBUT,REBUY,RECAL,RECAP,RECCE,RECCO,RECCY,RECIT,RECKS,RECON,RECTA,RECTI
545 DATARECTO,RECUR,RECUT,REDAN,REDDS,REDDY,REDED,REDES,REDIA,REDID,REDIP,REDLY,REDON,REDOS,REDOX,REDRY,REDUB,REDUX,REDYE,REECH
546 DATAREEDE,REEDS,REEDY,REEFS,REEFY,REEKS,REEKY,REELS,REENS,REEST,REEVE,REFED,REFEL,REFER,REFFO,REFIT,REFIX,REFLY,REFRY,REGAL
547 DATAREGAR,REGES,REGGO,REGIE,REGMA,REGNA,REGOS,REGUR,REHAB,REHEM,REIFS,REIFY,REIGN,REIKI,REIKS,REINK,REINS,REIRD,REIST,REIVE
548 DATAREJIG,REJON,REKED,REKES,REKEY,RELAX,RELAY,RELET,RELIC,RELIE,RELIT,REMAN,REMAP,REMEN,REMET,REMEX,REMIT,REMIX,RENAL,RENAY
549 DATARENDS,RENEW,RENEY,RENGA,RENIG,RENIN,RENNE,RENTE,RENTS,REOIL,REPAY,REPEG,REPEL,REPIN,REPLA,REPLY,REPOS,REPOT,REPPS,REPRO
550 DATARERAN,RERIG,RERUN,RESAT,RESAW,RESAY,RESEE,RESES,RESET,RESEW,RESID,RESIN,RESIT,RESOD,RESOW,RESTO,RESTS,RESTY,RETAG,RETAX
551 DATARETCH,RETEM,RETES,RETIA,RETIE,RETRO,RETRY,REUSE,REVEL,REVET,REVIE,REVUE,REWAN,REWAX,REWED,REWET,REWIN,REWON,REWTH,REXES
552 DATARHEAS,RHEME,RHEUM,RHIES,RHIME,RHINE,RHINO,RHODY,RHOMB,RHONE,RHUMB,RHYME,RHYNE,RHYTA,RIALS,RIANT,RIATA,RIBAS,RIBBY,RIBES
553 DATARICED,RICER,RICES,RICEY,RICHT,RICIN,RICKS,RIDER,RIDES,RIDGE,RIDGY,RIELS,RIEMS,RIEVE,RIFER,RIFFS,RIFLE,RIFTE,RIFTS,RIFTY
554 DATARIGGS,RIGHT,RIGID,RIGOL,RIGOR,RILED,RILES,RILEY,RILLE,RILLS,RIMAE,RIMED,RIMER,RIMES,RIMUS,RINDS,RINDY,RINES,RINGS,RINKS
555 DATARINSE,RIOJA,RIOTS,RIPED,RIPEN,RIPER,RIPES,RIPPS,RISEN,RISER,RISES,RISHI,RISKS,RISKY,RISPS,RISUS,RITES,RITTS,RITZY,RIVAL
556 DATARIVAS,RIVED,RIVEL,RIVEN,RIVER,RIVES,RIVET,RIVOS,RIYAL,RIZAS,ROACH,ROADS,ROAMS,ROANS,ROARS,ROARY,ROAST,ROATE,ROBED,ROBES
557 DATAROBIN,ROBLE,ROBOT,ROCKS,ROCKY,RODED,RODEO,RODES,ROGER,ROGUE,ROGUY,ROILS,ROILY,ROINS,ROIST,ROJAK,ROJIS,ROKED,ROKER,ROKES
558 DATAROLAG,ROLES,ROLFS,ROLLS,ROMAL,ROMAN,ROMAS,ROMEO,ROMPS,RONDE,RONDO,RONEO,RONES,RONIN,RONNE,RONTE,RONTS,ROODS,ROOFS,ROOFY
559 DATAROOKS,ROOKY,ROOMS,ROOMY,ROONS,ROOPS,ROOPY,ROOSA,ROOSE,ROOST,ROOTS,ROOTY,ROPED,ROPER,ROPES,ROPEY,ROQUE,RORAL,RORES,RORIC
560 DATARORID,RORIE,RORTS,RORTY,ROSED,ROSES,ROSET,ROSHI,ROSIN,ROSIT,ROSTI,ROSTS,ROTAL,ROTAN,ROTAS,ROTCH,ROTED,ROTES,ROTIS,ROTLS
561 DATAROTON,ROTOR,ROTOS,ROTTE,ROUEN,ROUES,ROUGE,ROUGH,ROULE,ROULS,ROUMS,ROUND,ROUPS,ROUPY,ROUSE,ROUST,ROUTE,ROUTH,ROUTS,ROVED
562 DATAROVEN,ROVER,ROVES,ROWAN,ROWDY,ROWED,ROWEL,ROWEN,ROWER,ROWME,ROWND,ROWTH,ROWTS,ROYAL,ROYNE,ROYST,ROZET,ROZIT,RUANA,RUBAI
563 DATARUBBY,RUBEL,RUBES,RUBIN,RUBLE,RUBUS,RUCHE,RUCKS,RUDAS,RUDDS,RUDDY,RUDER,RUDES,RUDIE,RUERS,RUFFE,RUFFS,RUGAE,RUGAL,RUGBY
564 DATARUGGY,RUING,RUINS,RUKHS,RULED,RULER,RULES,RUMAL,RUMBA,RUMBO,RUMEN,RUMES,RUMLY,RUMMY,RUMOR,RUMPO,RUMPS,RUMPY,RUNCH,RUNDS
565 DATARUNED,RUNES,RUNGS,RUNIC,RUNNY,RUNTS,RUNTY,RUPEE,RUPIA,RURAL,RURPS,RURUS,RUSAS,RUSES,RUSHY,RUSKS,RUSMA,RUSSE,RUSTS,RUSTY
566 DATARUTHS,RUTIN,RUTTY,RYALS,RYBAT,RYKED,RYKES,RYMME,RYNDS,RYOTS,RYPER,SABAL,SABED,SABER,SABES,SABIN,SABIR,SABLE,SABOT,SABRA
567 DATASABRE,SACKS,SACRA,SADDO,SADES,SADHE,SADHU,SADIS,SADLY,SADOS,SADZA,SAFED,SAFER,SAFES,SAGAS,SAGER,SAGES,SAGGY,SAGOS,SAGUM
568 DATASAHEB,SAHIB,SAICE,SAICK,SAICS,SAIDS,SAIGA,SAILS,SAIMS,SAINE,SAINS,SAINT,SAIRS,SAIST,SAITH,SAJOU,SAKAI,SAKER,SAKES,SAKIA
569 DATASAKIS,SALAD,SALAL,SALEP,SALES,SALET,SALIC,SALIX,SALLE,SALLY,SALMI,SALOL,SALON,SALOP,SALPA,SALPS,SALSA,SALSE,SALTO,SALTS
570 DATASALTY,SALUE,SALVE,SALVO,SAMAN,SAMAS,SAMBA,SAMBO,SAMEK,SAMEL,SAMEN,SAMES,SAMEY,SAMFU,SAMMY,SAMPI,SAMPS,SANDS,SANDY,SANED
571 DATASANER,SANES,SANGA,SANGH,SANGO,SANGS,SANKO,SANSA,SANTO,SANTS,SAPAN,SAPID,SAPOR,SAPPY
573 DATASARAN,SARDS,SARED,SAREE,SARGE,SARGO,SARIN,SARIS,SARKS,SARKY,SAROD,SAROS,SARUS,SASER,SASIN,SASSE,SASSY,SATAI,SATAY,SATED
574 DATASATEM,SATES,SATIN,SATIS,SATYR,SAUBA,SAUCE,SAUCH,SAUCY,SAUGH,SAULS,SAULT,SAUNA,SAUNT,SAURY,SAUTE,SAUTS,SAVED,SAVER,SAVES
575 DATASAVEY,SAVIN,SAVOR,SAVOY,SAVVY,SAWAH,SAWED,SAWER,SAXES,SAYED,SAYER,SAYID,SAYNE,SAYON,SAYST,SAZES,SCABS,SCADS,SCAFF,SCAGS
576 DATASCAIL,SCALA,SCALD,SCALE,SCALL,SCALP,SCALY,SCAMP,SCAMS,SCAND,SCANS,SCANT,SCAPA,SCAPE,SCAPI,SCARE,SCARF,SCARP,SCARS,SCART
577 DATASCARY,SCATH,SCATS,SCATT,SCAUD,SCAUP,SCAUR,SCAWS,SCEAT,SCENA,SCEND,SCENE,SCENT,SCHAV,SCHMO,SCHUL,SCHWA,SCION,SCLIM,SCODY
578 DATASCOFF,SCOGS,SCOLD,SCONE,SCOOG,SCOOP,SCOOT,SCOPA,SCOPE,SCOPS,SCORE,SCORN,SCOTS,SCOUG,SCOUP,SCOUR,SCOUT,SCOWL,SCOWP,SCOWS
579 DATASCRAB,SCRAE,SCRAG,SCRAM,SCRAN,SCRAP,SCRAT,SCRAW,SCRAY,SCREE,SCREW,SCRIM,SCRIP,SCROD,SCROG,SCROW,SCRUB,SCRUM,SCUBA,SCUDI
580 DATASCUDO,SCUDS,SCUFF,SCUFT,SCUGS,SCULK,SCULL,SCULP,SCULS,SCUMS,SCUPS,SCURF,SCURS,SCUSE,SCUTA,SCUTE,SCUTS,SCUZZ,SCYES,SDAYN
581 DATASDEIN,SEALS,SEAME,SEAMS,SEAMY,SEANS,SEARE,SEARS,SEASE,SEATS,SEAZE,SEBUM,SECCO,SECHS,SECTS,SEDAN,SEDER,SEDES,SEDGE,SEDGY
582 DATASEDUM,SEEDS,SEEDY,SEEKS,SEELD,SEELS,SEELY,SEEMS,SEEPS,SEEPY,SEERS,SEFER,SEGAR,SEGNI,SEGNO,SEGOL,SEGOS,SEGUE,SEIFS,SEILS
583 DATASEINE,SEIRS,SEISE,SEISM,SEITY,SEIZE,SEKOS,SEKTS,SELAH,SELES,SELFS,SELLA,SELLE,SELLS,SELVA,SEMEE,SEMEN,SEMES,SEMIE,SEMIS
584 DATASENAS,SENDS,SENGI,SENNA,SENOR,SENSA,SENSE,SENSI,SENTE,SENTI,SENTS,SENVY,SENZA,SEPAD,SEPAL,SEPIA,SEPIC,SEPOY,SEPTA,SEPTS
585 DATASERAC,SERAI,SERAL,SERED,SERER,SERES,SERFS,SERGE,SERIC,SERIF,SERIN,SERKS,SERON,SEROW,SERRA,SERRE,SERRS,SERRY,SERUM,SERVE
586 DATASERVO,SESEY,SESSA,SETAE,SETAL,SETON,SETTS,SETUP,SEVEN,SEVER,SEWAN,SEWAR,SEWED,SEWEL,SEWEN,SEWER,SEWIN,SEXED,SEXER,SEXES
587 DATASEXTO,SEXTS,SEYEN,SHACK,SHADE,SHADS,SHADY,SHAFT,SHAGS,SHAHS,SHAKE,SHAKO,SHAKT,SHAKY,SHALE,SHALL,SHALM,SHALT,SHALY,SHAMA
588 DATASHAME,SHAMS,SHAND,SHANK,SHANS,SHAPE,SHAPS,SHARD,SHARE,SHARK,SHARN,SHARP,SHASH,SHAUL,SHAVE,SHAWL,SHAWM,SHAWN,SHAWS,SHAYA
589 DATASHAYS,SHCHI,SHEAF,SHEAL,SHEAR,SHEAS,SHEDS,SHEEL,SHEEN,SHEEP,SHEER,SHEET,SHEIK,SHELF,SHELL,SHEND,SHENT,SHEOL,SHERD,SHERE
590 DATASHETS,SHEVA,SHEWN,SHEWS,SHIAI,SHIED,SHIEL,SHIER,SHIES,SHIFT,SHILL,SHILY,SHIMS,SHINE,SHINS,SHINY,SHIPS,SHIRE,SHIRK,SHIRR
591 DATASHIRS,SHIRT,SHISH,SHISO,SHIST,SHITE,SHITS,SHIUR,SHIVA,SHIVE,SHIVS,SHLEP,SHLUB,SHMEK,SHOAL,SHOAT,SHOCK,SHOED,SHOER,SHOES
592 DATASHOGI,SHOGS,SHOJI,SHOLA,SHONE,SHOOK,SHOOL,SHOON,SHOOS,SHOOT,SHOPE,SHOPS,SHORE,SHORL,SHORN,SHORT,SHOTE,SHOTS,SHOTT,SHOUT
593 DATASHOVE,SHOWD,SHOWN,SHOWS,SHOWY,SHOYU,SHRED,SHREW,SHRIS,SHROW,SHRUB,SHRUG,SHTIK,SHTUM,SHTUP,SHUCK,SHULE,SHULN,SHULS,SHUNS
594 DATASHUNT,SHURA,SHUSH,SHUTE,SHUTS,SHWAS,SHYER,SHYLY,SIALS,SIBBS,SIBYL,SICES,SICHT,SICKO,SICKS,SIDAS,SIDED,SIDER,SIDES,SIDHA
595 DATASIDHE,SIDLE,SIEGE,SIELD,SIENS,SIENT,SIETH,SIEUR,SIEVE,SIFTS,SIGHS,SIGHT,SIGIL,SIGLA,SIGMA,SIGNA,SIGNS,SIJOS,SIKAS,SIKER
596 DATASIKES,SILDS,SILED,SILEN,SILER,SILES,SILEX,SILKS,SILKY,SILLS,SILLY,SILOS,SILTS,SILTY,SILVA,SIMAR,SIMAS,SIMBA,SIMIS,SIMPS
597 DATASIMUL,SINCE,SINDS,SINED,SINES,SINEW,SINGE,SINGS,SINHS,SINKS,SINKY,SINUS,SIPED,SIPES,SIPPY,SIRED,SIREE,SIREN,SIRES,SIRIH
598 DATASIRIS,SIROC,SIRRA,SIRUP,SISAL,SISES,SISSY,SISTS,SITAR,SITED,SITES,SITHE,SITKA,SITUP,SITUS,SIVER,SIXER,SIXES,SIXMO,SIXTE
599 DATASIXTH,SIXTY,SIZAR,SIZED,SIZEL,SIZER,SIZES,SKAGS,SKAIL,SKALD,SKANK,SKART,SKATE,SKATS,SKATT,SKAWS,SKEAN,SKEAR,SKEED,SKEEF
600 DATASKEEN,SKEER,SKEES,SKEET,SKEGG,SKEGS,SKEIN,SKELF,SKELL,SKELM,SKELP,SKENE,SKENS,SKEOS,SKEPS,SKERS,SKETS,SKEWS,SKIDS,SKIED
601 DATASKIER,SKIES,SKIEY,SKIFF,SKILL,SKIMO,SKIMP,SKIMS,SKINK,SKINS,SKINT,SKIOS,SKIPS,SKIRL,SKIRR,SKIRT,SKITE,SKITS,SKIVE,SKIVY
602 DATASKLIM,SKOAL,SKOFF,SKOLS,SKOOL,SKORT,SKOSH,SKRAN,SKRIK,SKUAS,SKUGS,SKULK,SKULL,SKUNK,SKYED,SKYER,SKYEY,SKYFS,SKYRE,SKYRS
603 DATASKYTE,SLABS,SLACK,SLADE,SLAES,SLAGS,SLAID,SLAIN,SLAKE,SLAMS,SLANE,SLANG,SLANK,SLANT,SLAPS,SLART,SLASH,SLATE,SLATS,SLATY
604 DATASLAVE,SLAWS,SLAYS,SLEDS,SLEEK,SLEEP,SLEER,SLEET,SLEPT,SLEWS,SLEYS,SLICE,SLICK,SLIDE,SLIER,SLILY,SLIME,SLIMS,SLIMY,SLING
605 DATASLINK,SLIPE,SLIPS,SLIPT,SLISH,SLITS,SLIVE,SLOAN,SLOBS,SLOES,SLOGS,SLOID,SLOJD,SLOOM,SLOOP,SLOOT,SLOPE,SLOPS,SLOPY,SLORM
606 DATASLOSH,SLOTH,SLOTS,SLOVE,SLOWS,SLOYD,SLUBB,SLUBS,SLUED,SLUES,SLUFF,SLUGS,SLUIT,SLUMP,SLUMS,SLUNG,SLUNK,SLURB,SLURP,SLURS
607 DATASLUSE,SLUSH,SLUTS,SLYER,SLYLY,SLYPE,SMAAK,SMACK,SMAIK,SMALL,SMALM,SMALT,SMARM,SMART,SMASH,SMAZE,SMEAR,SMEEK,SMEES,SMELL
608 DATASMELT,SMERK,SMEWS,SMILE,SMIRK,SMIRR,SMIRS,SMITE,SMITH,SMITS,SMOCK,SMOGS,SMOKE,SMOKO,SMOKY,SMOLT,SMOOR,SMOOT,SMORE,SMOTE
609 DATASMOUT,SMOWT,SMUGS,SMURS,SMUSH,SMUTS,SNABS,SNACK,SNAFU,SNAGS,SNAIL,SNAKE,SNAKY,SNAPS,SNARE,SNARF,SNARK,SNARL,SNARS,SNARY
610 DATASNASH,SNATH,SNAWS,SNEAD,SNEAK,SNEAP,SNEBS,SNECK,SNEDS,SNEED,SNEER,SNEES,SNELL,SNIBS,SNICK,SNIDE,SNIES,SNIFF,SNIFT,SNIGS
611 DATASNIPE,SNIPS,SNIPY,SNIRT,SNITS,SNOBS,SNODS,SNOEK,SNOEP,SNOGS,SNOKE,SNOOD,SNOOK,SNOOL,SNOOP,SNOOT,SNORE,SNORT,SNOTS,SNOUT
612 DATASNOWK,SNOWS,SNOWY,SNUBS,SNUCK,SNUFF,SNUGS,SNUSH,SNYES,SOAKS,SOAPS,SOAPY,SOARE,SOARS,SOAVE,SOBAS,SOBER,SOCAS,SOCKO,SOCKS
613 DATASOCLE,SODAS,SODDY,SODIC,SODOM,SOFAR,SOFAS,SOFTA,SOFTS,SOFTY,SOGER,SOGGY,SOILS,SOILY,SOJAS,SOKAH,SOKEN,SOKES,SOKOL,SOLAH
614 DATASOLAN,SOLAR,SOLAS,SOLDE,SOLDI,SOLDO,SOLDS,SOLED,SOLEI,SOLER,SOLES,SOLID,SOLON,SOLOS
616 DATASOLUM,SOLUS,SOLVE,SOMAN,SOMAS,SONAR,SONCE,SONDE,SONES,SONGS,SONIC,SONLY,SONNE,SONNY,SONSE,SONSY,SOOEY,SOOKS,SOOLE,SOOLS
617 DATASOOMS,SOOPS,SOOTE,SOOTH,SOOTS,SOOTY,SOPHS,SOPHY,SOPOR,SOPPY,SOPRA,SORAL,SORAS,SORBO,SORBS,SORDA,SORDO,SORDS,SORED,SOREE
618 DATASOREL,SORER,SORES,SOREX,SORGO,SORNS,SORRA,SORRY,SORTA,SORTS,SORUS,SOTHS,SOTOL,SOUCE,SOUCT,SOUGH,SOUKS,SOULS,SOUMS,SOUND
619 DATASOUPS,SOUPY,SOURS,SOUSE,SOUTH,SOUTS,SOWAR,SOWCE,SOWED,SOWER,SOWFF,SOWFS,SOWLE,SOWLS,SOWMS,SOWND,SOWNE,SOWPS,SOWSE,SOWTH
620 DATASOYAS,SOYLE,SOYUZ,SOZIN,SPACE,SPACY,SPADE,SPADO,SPAED,SPAER,SPAES,SPAGS,SPAHI,SPAIL,SPAIN,SPAIT,SPAKE,SPALD,SPALE,SPALL
621 DATASPALT,SPAMS,SPANE,SPANG,SPANK,SPANS,SPARD,SPARE,SPARK,SPARS,SPART,SPASM,SPATE,SPATS,SPAUL,SPAWL,SPAWN,SPAWS,SPAYD,SPAYS
622 DATASPAZA,SPAZZ,SPEAK,SPEAL,SPEAN,SPEAR,SPEAT,SPECK,SPECS,SPEED,SPEEL,SPEER,SPEIL,SPEIR,SPEKS,SPELD,SPELK,SPELL,SPELT,SPEND
623 DATASPENT,SPEOS,SPERM,SPETS,SPEUG,SPEWS,SPEWY,SPIAL,SPICA,SPICE,SPICK,SPICS,SPICY,SPIDE,SPIED,SPIEL,SPIER,SPIES,SPIFF,SPIFS
624 DATASPIKE,SPIKS,SPIKY,SPILE,SPILL,SPILT,SPIMS,SPINA,SPINE,SPINK,SPINS,SPINY,SPIRE,SPIRT,SPIRY,SPITE,SPITS,SPITZ,SPIVS,SPLAT
625 DATASPLAY,SPLIT,SPODE,SPODS,SPOIL,SPOKE,SPOOF,SPOOK,SPOOL,SPOOM,SPOON,SPOOR,SPOOT,SPORE,SPORT,SPOSH,SPOTS,SPOUT,SPRAD,SPRAG
626 DATASPRAT,SPRAY,SPRED,SPREE,SPREW,SPRIG,SPRIT,SPROD,SPROG,SPRUE,SPRUG,SPUDS,SPUED,SPUER,SPUES,SPUGS,SPULE,SPUME,SPUMY,SPUNK
627 DATASPURN,SPURS,SPURT,SPUTA,SPYAL,SPYRE,SQUAB,SQUAD,SQUAT,SQUAW,SQUEG,SQUIB,SQUID,SQUIT,SQUIZ,STABS,STACK,STADE,STAFF,STAGE
628 DATASTAGS,STAGY,STAID,STAIG,STAIN,STAIR,STAKE,STALE,STALK,STALL,STAMP,STAND,STANE,STANG,STANK,STAPH,STAPS,STARE,STARK,STARN
629 DATASTARR,STARS,START,STASH,STATE,STATS,STAUN,STAVE,STAWS,STAYS,STEAD,STEAK,STEAL,STEAM,STEAN,STEAR,STEDD,STEDE,STEDS,STEED
630 DATASTEEK,STEEL,STEEM,STEEN,STEEP,STEER,STEIL,STEIN,STELA,STELE,STELL,STEME,STEMS,STEND,STENO,STENS,STENT,STEPS,STEPT,STERE
631 DATASTERN,STETS,STEWS,STEWY,STICH,STICK,STIED,STIES,STIFF,STILB,STILE,STILL,STILT,STIME,STIMS,STIMY,STING,STINK,STINT,STIPA
632 DATASTIPE,STIRE,STIRK,STIRP,STIRS,STIVE,STIVY,STOAE,STOAI,STOAS,STOAT,STOBS,STOCK,STOEP,STOGY,STOIC,STOIT,STOKE,STOLE,STOLN
633 DATASTOMA,STOMP,STOND,STONE,STONG,STONK,STONN,STONY,STOOD,STOOK,STOOL,STOOP,STOOR,STOPE,STOPS,STOPT,STORE,STORK,STORM,STORY
634 DATASTOSS,STOTS,STOTT,STOUN,STOUP,STOUR,STOUT,STOVE,STOWN,STOWP,STOWS,STRAD,STRAE,STRAG,STRAP,STRAW,STRAY,STREP,STREW,STRIA
635 DATASTRIG,STRIP,STROP,STROW,STROY,STRUM,STRUT,STUBS,STUCK,STUDS,STUDY,STUFF,STULL,STULM,STUMM,STUMP,STUMS,STUNG,STUNK,STUNS
636 DATASTUNT,STUPA,STUPE,STURE,STURT,STYED,STYES,STYLE,STYLI,STYLO,STYME,STYMY,STYRE,STYTE,SUAVE,SUBAH,SUBAS,SUBBY,SUBER,SUBHA
637 DATASUCCI,SUCKS,SUCKY,SUCRE,SUDDS,SUDOR,SUDSY,SUEDE,SUENT,SUERS,SUETS,SUETY,SUGAN,SUGAR,SUGHS,SUIDS,SUING,SUINT,SUITE,SUITS
638 DATASUJEE,SUKHS,SULCI,SULFA,SULFO,SULKS,SULKY,SULLY,SULUS,SUMAC,SUMMA,SUMOS,SUMPH,SUMPS,SUNKS,SUNNA,SUNNS,SUNNY,SUNUP,SUPER
639 DATASUPES,SUPRA,SURAH,SURAL,SURAS,SURAT,SURDS,SURED,SURER,SURES,SURFS,SURFY,SURGE,SURGY,SURLY,SURRA,SUSES,SUSHI,SUSUS,SUTOR
640 DATASUTRA,SUTTA,SWABS,SWACK,SWADS,SWAGE,SWAGS,SWAIL,SWAIN,SWALE,SWALY,SWAMI,SWAMP,SWAMY,SWANG,SWANK,SWANS,SWAPS,SWAPT,SWARD
641 DATASWARE,SWARF,SWARM,SWART,SWASH,SWATH,SWATS,SWAYL,SWAYS,SWEAL,SWEAR,SWEAT,SWEDE,SWEED,SWEEL,SWEEP,SWEER,SWEES,SWEET,SWEIR
642 DATASWELL,SWELT,SWEPT,SWERF,SWEYS,SWIES,SWIFT,SWIGS,SWILL,SWIMS,SWINE,SWING,SWINK,SWIPE,SWIRE,SWIRL,SWISH,SWISS,SWITH,SWITS
643 DATASWIVE,SWIZZ,SWOBS,SWOLN,SWONE,SWOON,SWOOP,SWOPS,SWOPT,SWORD,SWORE,SWORN,SWOTS,SWOUN,SWUNG,SYBBE,SYBIL,SYBOE,SYBOW,SYCEE
644 DATASYCES,SYENS,SYKER,SYKES,SYLIS,SYLPH,SYLVA,SYMAR,SYNCH,SYNCS,SYNDS,SYNED,SYNES,SYNOD,SYNTH,SYPED,SYPES,SYPHS,SYRAH,SYREN
645 DATASYRUP,SYSOP,SYTHE,SYVER,TAALS,TAATA,TABBY,TABER,TABES,TABID,TABIS,TABLA,TABLE,TABOO,TABOR,TABUN,TABUS,TACAN,TACES,TACET
646 DATATACHE,TACHO,TACHS,TACIT,TACKS,TACKY,TACOS,TACTS,TAELS,TAFFY,TAFIA,TAGGY,TAGMA,TAHAS,TAHOU,TAHRS,TAIGA,TAIGS,TAILS,TAINS
647 DATATAINT,TAIRA,TAISH,TAITS,TAJES,TAKAS,TAKEN,TAKER,TAKES,TAKHI,TAKIN,TAKIS,TALAK,TALAQ,TALAR,TALAS,TALCS,TALCY,TALEA,TALER
648 DATATALES,TALKS,TALKY,TALLS,TALLY,TALMA,TALON,TALPA,TALUK,TALUS,TAMAL,TAMED,TAMER,TAMES,TAMIN,TAMIS,TAMMY,TAMPS,TANAS,TANGA
649 DATATANGI,TANGO,TANGS,TANGY,TANHS,TANKA,TANKS,TANKY,TANNA,TANSY,TANTI,TANTO,TAPAS,TAPED,TAPEN,TAPER,TAPES,TAPET,TAPIR,TAPIS
650 DATATAPPA,TAPUS,TARAS,TARDO,TARDY,TARED,TARES,TARGE,TARNS,TAROC,TAROK,TAROS,TAROT,TARPS,TARRE,TARRY,TARSI,TARTS,TARTY,TASAR
651 DATATASER,TASKS,TASSE,TASTE,TASTY,TATAR,TATER,TATES,TATHS,TATIE,TATOU,TATTS,TATTY,TATUS,TAUBE,TAULD,TAUNT,TAUON,TAUPE,TAUTS
652 DATATAVAH,TAVAS,TAVER,TAWAI,TAWAS,TAWED,TAWER,TAWIE,TAWNY,TAWSE,TAWTS,TAXED,TAXER,TAXES,TAXIS,TAXOL,TAXON,TAXOR,TAXUS,TAYRA
653 DATATAZZA,TAZZE,TEACH,TEADE,TEADS,TEAED,TEAKS,TEALS,TEAMS,TEARS,TEARY,TEASE,TEATS,TEAZE,TECHS,TECHY,TECTA,TEDDY,TEELS,TEEMS
654 DATATEEND,TEENE,TEENS,TEENY,TEERS,TEETH,TEFFS,TEGGS,TEGUA,TEGUS,TEHRS,TEIID,TEILS,TEIND,TELAE,TELCO,TELES,TELEX,TELIA,TELIC
655 DATATELLS,TELLY,TELOI,TELOS,TEMED,TEMES,TEMPI,TEMPO,TEMPS,TEMPT,TEMSE,TENCH,TENDS,TENDU,TENES,TENET,TENGE,TENIA,TENNE,TENNO
656 DATATENNY,TENON,TENOR,TENSE,TENTH,TENTS,TENTY,TENUE,TEPAL,TEPAS,TEPEE,TEPID,TEPOY,TERAI,TERAS,TERCE,TEREK,TERES,TERFE,TERFS
657 DATATERGA,TERMS,TERNE,TERNS,TERRA,TERRY,TERSE,TERTS,TESLA,TESTA,TESTE,TESTS,TESTY,TETES
659 DATATETHS,TETRA,TETRI,TEUCH,TEUGH,TEWED,TEWEL,TEWIT,TEXAS,TEXES,TEXTS,THACK,THAGI,THAIM,THALI,THANA,THANE,THANK,THANS,THARM
660 DATATHARS,THAWS,THAWY,THEBE,THECA,THEED,THEEK,THEES,THEFT,THEGN,THEIC,THEIN,THEIR,THELF,THEMA,THEME,THENS,THEOW,THERE,THERM
661 DATATHESE,THESP,THETA,THETE,THEWS,THEWY,THICK,THIEF,THIGH,THIGS,THILK,THILL,THINE,THING,THINK,THINS,THIOL,THIRD,THIRL,THOFT
662 DATATHOLE,THOLI,THONG,THORN,THORO,THORP,THOSE,THOUS,THOWL,THRAE,THRAW,THREE,THREW,THRID,THRIP,THROB,THROE,THROW,THRUM,THUDS
663 DATATHUGS,THUJA,THUMB,THUMP,THUNK,THURL,THUYA,THYME,THYMI,THYMY,TIARA,TIARS,TIBIA,TICAL,TICCA,TICED,TICES,TICHY,TICKS,TICKY
664 DATATIDAL,TIDDY,TIDED,TIDES,TIERS,TIFFS,TIFTS,TIGER,TIGES,TIGHT,TIGON,TIKAS,TIKES,TIKIS,TIKKA,TILAK,TILDE,TILED,TILER,TILES
665 DATATILLS,TILLY,TILTH,TILTS,TIMBO,TIMED,TIMER,TIMES,TIMID,TIMON,TIMPS,TINCT,TINDS,TINEA,TINED,TINES,TINGE,TINGS,TINKS,TINNY
666 DATATINTS,TINTY,TIPIS,TIPPY,TIPSY,TIRED,TIRES,TIRLS,TIROS,TIRRS,TITAN,TITCH,TITER,TITHE,TITIS,TITLE,TITRE,TITTY,TITUP,TIZZY
667 DATATOADS,TOADY,TOAST,TOAZE,TOCKS,TOCKY,TOCOS,TODAY,TODDE,TODDY,TOEAS,TOFFS,TOFFY,TOFTS,TOFUS,TOGAE,TOGAS,TOGED,TOGES,TOGUE
668 DATATOHOS,TOILE,TOILS,TOING,TOISE,TOITS,TOKAY,TOKED,TOKEN,TOKER,TOKES,TOKOS,TOLAN,TOLAR,TOLAS,TOLED,TOLES,TOLLS,TOLLY,TOLTS
669 DATATOLUS,TOLYL,TOMAN,TOMBS,TOMES,TOMIA,TOMMY,TOMOS,TONAL,TONDI,TONDO,TONED,TONER,TONES,TONEY,TONGA,TONGS,TONIC,TONKA,TONKS
670 DATATONNE,TONUS,TOOLS,TOOMS,TOONS,TOOTH,TOOTS,TOPAZ,TOPED,TOPEE,TOPEK,TOPER,TOPES,TOPHE,TOPHI,TOPHS,TOPIC,TOPIS,TOPOI,TOPOS
671 DATATOQUE,TORAH,TORAN,TORAS,TORCH,TORCS,TORES,TORIC,TORII,TOROS,TOROT,TORRS,TORSE,TORSI,TORSK,TORSO,TORTA,TORTE,TORTS,TORUS
672 DATATOSAS,TOSED,TOSES,TOSHY,TOSSY,TOTAL,TOTED,TOTEM,TOTER,TOTES,TOTTY,TOUCH,TOUGH,TOUKS,TOUNS,TOURS,TOUSE,TOUSY,TOUTS,TOUZE
673 DATATOUZY,TOWED,TOWEL,TOWER,TOWIE,TOWNS,TOWNY,TOWSE,TOWSY,TOWTS,TOWZE,TOWZY,TOXIC,TOXIN,TOYED,TOYER,TOYON,TOYOS,TOZED,TOZES
674 DATATOZIE,TRABS,TRACE,TRACK,TRACT,TRADE,TRADS,TRAGI,TRAIK,TRAIL,TRAIN,TRAIT,TRAMP,TRAMS,TRANK,TRANQ,TRANS,TRANT,TRAPE,TRAPS
675 DATATRAPT,TRASH,TRASS,TRATS,TRATT,TRAVE,TRAWL,TRAYS,TREAD,TREAT,TRECK,TREED,TREEN,TREES,TREFA,TREIF,TREKS,TREMA,TREND,TRESS
676 DATATREST,TRETS,TREWS,TREYS,TRIAC,TRIAD,TRIAL,TRIBE,TRICE,TRICK,TRIDE,TRIED,TRIER,TRIES,TRIFF,TRIGO,TRIGS,TRIKE,TRILD,TRILL
677 DATATRIMS,TRINE,TRINS,TRIOL,TRIOR,TRIOS,TRIPE,TRIPS,TRIPY,TRIST,TRITE,TROAD,TROAK,TROAT,TROCK,TRODE,TRODS,TROGS,TROIS,TROKE
678 DATATROLL,TROMP,TRONA,TRONC,TRONE,TRONK,TRONS,TROOP,TROOZ,TROPE,TROTH,TROTS,TROUT,TROVE,TROWS,TROYS,TRUCE,TRUCK,TRUED,TRUER
679 DATATRUES,TRUGO,TRUGS,TRULL,TRULY,TRUMP,TRUNK,TRUSS,TRUST,TRUTH,TRYER,TRYKE,TRYMA,TRYPS,TRYST,TSADE,TSADI,TSARS,TSKED,TSUBA
680 DATATUANS,TUART,TUATH,TUBAE,TUBAL,TUBAR,TUBAS,TUBBY,TUBED,TUBER,TUBES,TUCKS,TUFAS,TUFFE,TUFFS,TUFTS,TUFTY,TUGRA,TUINA,TUISM
681 DATATUKTU,TULES,TULIP,TULLE,TULPA,TUMID,TUMMY,TUMOR,TUMPS,TUMPY,TUNAS,TUNDS,TUNED,TUNER,TUNES,TUNGS,TUNIC,TUNNY,TUPEK,TUPIK
682 DATATUPLE,TUQUE,TURBO,TURDS,TURFS,TURFY,TURKS,TURME,TURMS,TURNS,TURPS,TUSHY,TUSKS,TUSKY,TUTEE,TUTOR,TUTTI,TUTTY,TUTUS,TUXES
683 DATATUYER,TWAES,TWAIN,TWALS,TWANG,TWANK,TWATS,TWAYS,TWEAK,TWEED,TWEEL,TWEEN,TWEER,TWEET,TWERP,TWICE,TWIER,TWIGS,TWILL,TWILT
684 DATATWINE,TWINK,TWINS,TWINY,TWIRE,TWIRL,TWIRP,TWIST,TWITE,TWITS,TWIXT,TWOER,TWYER,TYEES,TYERS,TYING,TYIYN,TYKES,TYLER,TYMPS
685 DATATYNDE,TYNED,TYNES,TYPAL,TYPED,TYPES,TYPEY,TYPIC,TYPOS,TYPPS,TYPTO,TYRAN,TYRED,TYRES,TYROS,TYTHE,TZARS,UDALS,UDDER,UDONS
686 DATAUGALI,UGGED,UHLAN,UHURU,UKASE,ULAMA,ULANS,ULCER,ULEMA,ULMIN,ULNAD,ULNAE,ULNAR,ULNAS,ULPAN,ULTRA,ULVAS,ULYIE,ULZIE,UMAMI
687 DATAUMBEL,UMBER,UMBLE,UMBOS,UMBRA,UMBRE,UMIAC,UMIAK,UMIAQ,UMPED,UMPIE,UMPTY,UNAIS,UNAPT,UNARM,UNARY,UNAUS,UNBAG,UNBAN,UNBAR
688 DATAUNBED,UNBID,UNBOX,UNCAP,UNCES,UNCIA,UNCLE,UNCOS,UNCOY,UNCUS,UNCUT,UNDAM,UNDEE,UNDER,UNDID,UNDUE,UNDUG,UNETH,UNFED,UNFIT
689 DATAUNFIX,UNGAG,UNGET,UNGOD,UNGOT,UNGUM,UNHAT,UNHIP,UNIFY,UNION,UNITE,UNITS,UNITY,UNJAM,UNKED,UNKET,UNKID,UNLAW,UNLAY,UNLED
690 DATAUNLET,UNLID,UNLIT,UNMAN,UNMET,UNMEW,UNMIX,UNPAY,UNPEG,UNPEN,UNPIN,UNRED,UNRID,UNRIG,UNRIP,UNSAY,UNSET,UNSEW,UNSEX,UNSOD
691 DATAUNTAX,UNTIE,UNTIL,UNTIN,UNWED,UNWET,UNWIT,UNWON,UNZIP,UPBOW,UPBYE,UPDOS,UPDRY,UPEND,UPJET,UPLAY,UPLED,UPLIT,UPPED,UPPER
692 DATAUPRAN,UPRUN,UPSEE,UPSET,UPSEY,UPTAK,UPTER,UPTIE,URAEI,URALI,URAOS,URARE,URARI,URASE,URATE,URBAN,URBIA,URDEE,UREAL,UREAS
693 DATAUREDO,UREIC,URENA,URENT,URGED,URGER,URGES,URIAL,URINE,URITE,URMAN,URNAL,URNED,URPED,URSAE,URSID,URSON,URUBU,URVAS,USAGE
694 DATAUSERS,USHER,USING,USNEA,USQUE,USUAL,USURE,USURP,USURY,UTERI,UTILE,UTTER,UVEAL,UVEAS,UVULA,VACUA,VADED,VADES,VAGAL,VAGUE
695 DATAVAGUS,VAILS,VAIRE,VAIRS,VAIRY,VAKIL,VALES,VALET,VALID,VALIS,VALOR,VALSE,VALUE,VALVE,VAMPS,VAMPY,VANDA,VANED,VANES,VANGS
696 DATAVANTS,VAPID,VAPOR,VARAN,VARAS,VARDY,VAREC,VARES,VARIA,VARIX,VARNA,VARUS,VARVE,VASAL,VASES,VASTS,VASTY,VATIC,VATUS,VAUCH
697 DATAVAULT,VAUNT,VAUTE,VAUTS,VAWTE,VEALE,VEALS,VEALY,VEENA,VEEPS,VEERS,VEERY,VEGAN,VEGAS,VEGES,VEGIE,VEGOS,VEHME,VEILS,VEILY
698 DATAVEINS,VEINY,VELAR,VELDS,VELDT,VELES,VELLS,VELUM,VENAE,VENAL,VENDS,VENEY,VENGE,VENIN,VENOM,VENTS,VENUE,VENUS,VERBS,VERGE
699 DATAVERRA,VERRY,VERSE,VERSO,VERST,VERTS,VERTU,VERVE,VESPA,VESTA,VESTS,VETCH,VEXED,VEXER,VEXES,VEXIL,VEZIR,VIALS,VIAND,VIBES
700 DATAVIBEX,VIBEY,VICAR,VICED,VICES,VICHY,VIDEO,VIERS,VIEWS,VIEWY,VIFDA,VIGAS,VIGIA,VIGIL
702 DATAVIGOR,VILDE,VILER,VILLA,VILLI,VILLS,VIMEN,VINAL,VINAS,VINCA,VINED,VINER,VINES,VINEW,VINIC,VINOS,VINTS,VINYL,VIOLA,VIOLD
703 DATAVIOLS,VIPER,VIRAL,VIRED,VIREO,VIRES,VIRGA,VIRGE,VIRID,VIRLS,VIRTU,VIRUS,VISAS,VISED,VISES,VISIE,VISIT,VISNE,VISON,VISOR
704 DATAVISTA,VISTO,VITAE,VITAL,VITAS,VITEX,VITTA,VIVAS,VIVAT,VIVDA,VIVER,VIVES,VIVID,VIXEN,VIZIR,VIZOR,VLEIS,VLIES,VOARS,VOCAB
705 DATAVOCAL,VOCES,VODKA,VODOU,VODUN,VOEMA,VOGIE,VOGUE,VOICE,VOIDS,VOILA,VOILE,VOLAE,VOLAR,VOLED,VOLES,VOLET,VOLKS,VOLTA,VOLTE
706 DATAVOLTI,VOLTS,VOLVA,VOLVE,VOMER,VOMIT,VOTED,VOTER,VOTES,VOUCH,VOUGE,VOULU,VOWED,VOWEL,VOWER,VOXEL,VOZHD,VRAIC,VRILS,VROOM
707 DATAVROUS,VROUW,VROWS,VUGGS,VUGGY,VUGHS,VUGHY,VULGO,VULNS,VULVA,VUTTY,VYING,WAACS,WACKE,WACKO,WACKS,WACKY,WADDS,WADDY,WADED
708 DATAWADER,WADES,WADIS,WADTS,WAFER,WAFFS,WAFTS,WAGED,WAGER,WAGES,WAGGA,WAGON,WAHOO,WAIDE,WAIFS,WAIFT,WAILS,WAINS,WAIRS,WAIST
709 DATAWAITE,WAITS,WAIVE,WAKAS,WAKED,WAKEN,WAKER,WAKES,WAKFS,WALDO,WALDS,WALED,WALER,WALES,WALIS,WALKS,WALLA,WALLS,WALLY,WALTY
710 DATAWALTZ,WAMED,WAMES,WAMUS,WANDS,WANED,WANES,WANEY,WANGS,WANKS,WANKY,WANLE,WANLY,WANNA,WANTS,WANTY,WANZE,WAQFS,WARBS,WARBY
711 DATAWARDS,WARED,WARES,WAREZ,WARKS,WARMS,WARNS,WARPS,WARRE,WARST,WARTS,WARTY,WASES,WASHY,WASMS,WASPS,WASPY,WASTE,WASTS,WATAP
712 DATAWATCH,WATER,WATTS,WAUFF,WAUGH,WAUKS,WAULK,WAULS,WAURS,WAVED,WAVER,WAVES,WAVEY,WAWAS,WAWES,WAWLS,WAXED,WAXEN,WAXER,WAXES
713 DATAWAYED,WAZIR,WAZOO,WEALD,WEALS,WEAMB,WEANS,WEARS,WEARY,WEAVE,WEBBY,WEBER,WECHT,WEDEL,WEDGE,WEDGY,WEEDS,WEEDY,WEEKE,WEEKS
714 DATAWEELS,WEEMS,WEENS,WEENY,WEEPS,WEEPY,WEEST,WEETE,WEETS,WEFTE,WEFTS,WEIDS,WEIGH,WEILS,WEIRD,WEIRS,WEISE,WEIZE,WEKAS,WELCH
715 DATAWELDS,WELKE,WELKS,WELKT,WELLS,WELLY,WELSH,WELTS,WEMBS,WENCH,WENDS,WENGE,WENNY,WENTS,WEROS,WERSH,WESTS,WETAS,WETLY,WEXED
716 DATAWEXES,WHACK,WHALE,WHAMO,WHAMS,WHANG,WHAPS,WHARE,WHARF,WHATA,WHATS,WHAUP,WHAUR,WHEAL,WHEAR,WHEAT,WHEEL,WHEEN,WHEEP,WHEFT
717 DATAWHELK,WHELM,WHELP,WHENS,WHERE,WHETS,WHEWS,WHEYS,WHICH,WHIDS,WHIFF,WHIFT,WHIGS,WHILE,WHILK,WHIMS,WHINE,WHINS,WHINY,WHIPS
718 DATAWHIPT,WHIRL,WHIRR,WHIRS,WHISH,WHISK,WHISS,WHIST,WHITE,WHITS,WHITY,WHIZZ,WHOLE,WHOMP,WHOOF,WHOOP,WHOOT,WHOPS,WHORE,WHORL
719 DATAWHORT,WHOSE,WHOSO,WHUMP,WHUPS,WICCA,WICKS,WICKY,WIDDY,WIDEN,WIDER,WIDES,WIDOW,WIDTH,WIELD,WIELS,WIFED,WIFES,WIFEY,WIFIE
720 DATAWIFTY,WIGAN,WIGGA,WIGGY,WIGHT,WILCO,WILDS,WILED,WILES,WILGA,WILIS,WILJA,WILLS,WILLY,WILTS,WIMPS,WIMPY,WINCE,WINCH,WINDS
721 DATAWINDY,WINED,WINES,WINEY,WINGE,WINGS,WINGY,WINKS,WINNA,WINNS,WINOS,WINZE,WIPED,WIPER,WIPES,WIRED,WIRER,WIRES,WIRRA,WISED
722 DATAWISER,WISES,WISHA,WISHT,WISPS,WISPY,WISTS,WITAN,WITCH,WITED,WITES,WITHE,WITHS,WITHY,WITTY,WIVED,WIVER,WIVES,WIZEN,WIZES
723 DATAWOADS,WOALD,WOCKS,WODGE,WOFUL,WOKEN,WOKKA,WOLDS,WOLFS,WOLLY,WOLVE,WOMAN,WOMBS,WOMBY,WOMEN,WOMYN,WONGA,WONGI,WONKS,WONKY
724 DATAWONTS,WOODS,WOODY,WOOED,WOOER,WOOFS,WOOFY,WOOLD,WOOLS,WOOLY,WOONS,WOOPS,WOOSE,WOOSH,WOOTZ,WOOZY,WORDS,WORDY,WORKS,WORLD
725 DATAWORMS,WORMY,WORRY,WORSE,WORST,WORTH,WORTS,WOULD,WOUND,WOVEN,WOWED,WOWEE,WOXEN,WRACK,WRANG,WRAPS,WRAPT,WRAST,WRATE,WRATH
726 DATAWRAWL,WREAK,WRECK,WRENS,WREST,WRICK,WRIED,WRIER,WRIES,WRING,WRIST,WRITE,WRITS,WROKE,WRONG,WROOT,WROTE,WROTH,WRUNG,WRYER
727 DATAWRYLY,WUDUS,WULLS,WURST,WUSES,WUSHU,WUSSY,WUXIA,WYLED,WYLES,WYNDS,WYNNS,WYTED,WYTES,XEBEC,XENIA,XENIC,XENON,XERIC,XEROX
728 DATAXERUS,XOANA,XYLAN,XYLEM,XYLIC,XYLOL,XYLYL,XYSTI,XYSTS,YAARS,YABBA,YABBY,YACCA,YACHT,YACKA,YACKS,YAFFS,YAGER,YAGIS,YAHOO
729 DATAYAIRD,YAKKA,YAKOW,YALES,YAMEN,YAMPY,YAMUN,YANGS,YANKS,YAPOK,YAPON,YAPPS,YAPPY,YARCO,YARDS,YARER,YARFA,YARKS,YARNS,YARRS
730 DATAYARTA,YARTO,YATES,YAUDS,YAULD,YAUPS,YAWED,YAWEY,YAWLS,YAWNS,YAWNY,YAWPS,YBORE,YCLAD,YCLED,YCOND,YDRAD,YDRED,YEADS,YEAHS
731 DATAYEALM,YEANS,YEARD,YEARN,YEARS,YEAST,YECCH,YECHS,YECHY,YEDES,YEEDS,YEGGS,YELKS,YELLS,YELMS,YELPS,YELTS,YENTA,YENTE,YERBA
732 DATAYERDS,YERKS,YESES,YESKS,YESTS,YESTY,YETIS,YETTS,YEUKS,YEUKY,YEVEN,YEVES,YEWEN,YEXED,YEXES,YFERE,YIELD,YIKED,YIKES,YILLS
733 DATAYINCE,YIPES,YIPPY,YIRDS,YIRKS,YIRRS,YIRTH,YITES,YITIE,YLEMS,YLIKE,YLKES,YMOLT,YMPES,YOBBO,YOCKS,YODEL,YODHS,YODLE,YOGAS
734 DATAYOGEE,YOGHS,YOGIC,YOGIN,YOGIS,YOICK,YOJAN,YOKED,YOKEL,YOKER,YOKES,YOKUL,YOLKS,YOLKY,YOMIM,YOMPS,YONIC,YONIS,YONKS,YOOFS
735 DATAYOOPS,YORES,YORKS,YORPS,YOUKS,YOUNG,YOURN,YOURS,YOURT,YOUSE,YOUTH,YOWED,YOWES,YOWIE,YOWLS,YRAPT,YRENT,YRIVD,YRNEH,YSAME
736 DATAYTOST,YUANS,YUCAS,YUCCA,YUCCH,YUCKO,YUCKS,YUCKY,YUFTS,YUGAS,YUKED,YUKES,YUKKY,YUKOS,YULAN,YULES,YUMMO,YUMMY,YUMPS,YUPON
737 DATAYUPPY,YURTA,YURTS,YUZUS,ZABRA,ZACKS,ZAIRE,ZAKAT,ZAMAN,ZAMBO,ZAMIA,ZANJA,ZANTE,ZANZA,ZANZE,ZAPPY,ZARFS,ZATIS,ZAXES,ZAYIN
738 DATAZAZEN,ZEALS,ZEBEC,ZEBRA,ZEBUB,ZEBUS,ZEINS,ZERDA,ZERKS,ZEROS,ZESTS,ZESTY,ZETAS,ZEXES,ZEZES,ZHOMO,ZIBET,ZIFFS,ZIGAN,ZILAS
739 DATAZILCH,ZILLA,ZILLS,ZIMBI,ZIMBS,ZINCO,ZINCS,ZINCY,ZINEB,ZINES,ZINGS,ZINGY,ZINKE,ZINKY,ZIPPO,ZIPPY,ZIRAM,ZITIS,ZIZEL,ZIZIT
740 DATAZLOTE,ZLOTY,ZOAEA,ZOBOS,ZOBUS,ZOCCO,ZOEAE,ZOEAL,ZOEAS,ZOISM,ZOIST,ZOMBI,ZONAE,ZONAL,ZONDA,ZONED,ZONER,ZONES,ZONKS,ZOOEA
741 DATAZOOEY,ZOOID,ZOOKS,ZOOMS,ZOONS,ZOOTY,ZOPPA,ZOPPO,ZORIL,ZORIS,ZORRO,ZOUKS,ZOWIE,ZULUS,ZUPAN,ZUPAS,ZURFS,ZUZIM,ZYGAL,ZYGON
742 DATAZYMES,ZYMIC
